title,link,pubDate
‘Palestine will never die’ - Al Jazeera English,https://news.google.com/rss/articles/CBMiSWh0dHBzOi8vd3d3LmFsamF6ZWVyYS5jb20vcHJvZ3JhbS9uZXdzZmVlZC8yMDIzLzEyLzQvcGFsZXN0aW5lLXdpbGwtbmV2ZXLSAU1odHRwczovL3d3dy5hbGphemVlcmEuY29tL2FtcC9wcm9ncmFtL25ld3NmZWVkLzIwMjMvMTIvNC9wYWxlc3RpbmUtd2lsbC1uZXZlcg?oc=5,"Mon, 04 Dec 2023 21:45:12 GMT"
"Israeli settler violence against Palestinians in the West Bank, briefly explained - Vox.com",https://news.google.com/rss/articles/CBMiW2h0dHBzOi8vd3d3LnZveC5jb20vcG9saXRpY3MvMjAyMy8xMi8yLzIzOTg0MTA0L3dlc3QtYmFuay1pc3JhZWwtcGFsZXN0aW5lLXNldHRsZXItdmlvbGVuY2XSAQA?oc=5,"Sat, 02 Dec 2023 12:00:00 GMT"
Ambassadors to bring expert insight on Israeli-Palestinian conflict to Maine - Press Herald,https://news.google.com/rss/articles/CBMibWh0dHBzOi8vd3d3LnByZXNzaGVyYWxkLmNvbS8yMDIzLzEyLzA0L2FtYmFzc2Fkb3JzLXRvLWJyaW5nLWV4cGVydC1pbnNpZ2h0LWludG8taXNyYWVsaS1wYWxlc3Rpbmlhbi1jb25mbGljdC_SAQA?oc=5,"Mon, 04 Dec 2023 09:00:32 GMT"
Yossi Klein Halevi on the Palestinian-Israeli Conflict - Econlib - EconTalk,https://news.google.com/rss/articles/CBMiUGh0dHBzOi8vd3d3LmVjb250YWxrLm9yZy95b3NzaS1rbGVpbi1oYWxldmktb24tdGhlLXBhbGVzdGluaWFuLWlzcmFlbGktY29uZmxpY3Qv0gEA?oc=5,"Mon, 04 Dec 2023 14:27:19 GMT"
Opinion | Revive Trump's 'Vision' for Israeli-Palestinian Peace - The Wall Street Journal,https://news.google.com/rss/articles/CBMibWh0dHBzOi8vd3d3Lndzai5jb20vYXJ0aWNsZXMvcmV2aXZlLXRydW1wcy12aXNpb24tZm9yLWlzcmFlbGktcGFsZXN0aW5pYW4tcGVhY2UtbWlkZGxlLWVhc3QtY29uZmxpY3QtYzgxMjM2NjfSAQA?oc=5,"Sun, 03 Dec 2023 22:35:00 GMT"
"Israel, Palestine and Canada’s ‘schizophrenic foreign policy’ - Al Jazeera English",https://news.google.com/rss/articles/CBMia2h0dHBzOi8vd3d3LmFsamF6ZWVyYS5jb20vbmV3cy9sb25nZm9ybS8yMDIzLzEyLzIvaXNyYWVsLXBhbGVzdGluZS1hbmQtY2FuYWRhcy1zY2hpem9waHJlbmljLWZvcmVpZ24tcG9saWN50gFvaHR0cHM6Ly93d3cuYWxqYXplZXJhLmNvbS9hbXAvbmV3cy9sb25nZm9ybS8yMDIzLzEyLzIvaXNyYWVsLXBhbGVzdGluZS1hbmQtY2FuYWRhcy1zY2hpem9waHJlbmljLWZvcmVpZ24tcG9saWN5?oc=5,"Sat, 02 Dec 2023 14:03:45 GMT"
You Cannot Have Peace in Palestine While Ignoring Palestinians - The Nation,https://news.google.com/rss/articles/CBMiZ2h0dHBzOi8vd3d3LnRoZW5hdGlvbi5jb20vYXJ0aWNsZS93b3JsZC9wYWxlc3Rpbmlhbi1kZW1hbmRzLWZvci1saWJlcmF0aW9uLW11c3QtbmV2ZXItYmUtaWdub3JlZC1hZ2Fpbi_SAW1odHRwczovL3d3dy50aGVuYXRpb24uY29tL2FydGljbGUvd29ybGQvcGFsZXN0aW5pYW4tZGVtYW5kcy1mb3ItbGliZXJhdGlvbi1tdXN0LW5ldmVyLWJlLWlnbm9yZWQtYWdhaW4vdG5hbXAv?oc=5,"Mon, 04 Dec 2023 15:36:58 GMT"
"In West Bank city of Hebron, violence soars between Israeli settlers and Palestinians - Focus - FRANCE 24 English",https://news.google.com/rss/articles/CBMiiAFodHRwczovL3d3dy5mcmFuY2UyNC5jb20vZW4vdHYtc2hvd3MvZm9jdXMvMjAyMzEyMDQtaW4td2VzdC1iYW5rLWNpdHktb2YtaGVicm9uLXZpb2xlbmNlLXNvYXJzLWJldHdlZW4taXNyYWVsaS1zZXR0bGVycy1hbmQtcGFsZXN0aW5pYW5z0gEA?oc=5,"Mon, 04 Dec 2023 09:41:24 GMT"
What would it take for Israelis and Palestinians to live in peace? - NPR,https://news.google.com/rss/articles/CBMia2h0dHBzOi8vd3d3Lm5wci5vcmcvMjAyMy8xMi8wNC8xMjE2OTA1NDg3L3doYXQtd291bGQtaXQtdGFrZS1mb3ItaXNyYWVsaXMtYW5kLXBhbGVzdGluaWFucy10by1saXZlLWluLXBlYWNl0gEA?oc=5,"Mon, 04 Dec 2023 10:04:00 GMT"
"Israel-Hamas war: List of key events, day 58 - Al Jazeera English",https://news.google.com/rss/articles/CBMiU2h0dHBzOi8vd3d3LmFsamF6ZWVyYS5jb20vbmV3cy8yMDIzLzEyLzMvaXNyYWVsLWhhbWFzLXdhci1saXN0LW9mLWtleS1ldmVudHMtZGF5LTU40gFXaHR0cHM6Ly93d3cuYWxqYXplZXJhLmNvbS9hbXAvbmV3cy8yMDIzLzEyLzMvaXNyYWVsLWhhbWFzLXdhci1saXN0LW9mLWtleS1ldmVudHMtZGF5LTU4?oc=5,"Sun, 03 Dec 2023 09:45:10 GMT"
"Israel-Hamas war: List of key events, day 59 - Al Jazeera English",https://news.google.com/rss/articles/CBMiU2h0dHBzOi8vd3d3LmFsamF6ZWVyYS5jb20vbmV3cy8yMDIzLzEyLzQvaXNyYWVsLWhhbWFzLXdhci1saXN0LW9mLWtleS1ldmVudHMtZGF5LTU50gFXaHR0cHM6Ly93d3cuYWxqYXplZXJhLmNvbS9hbXAvbmV3cy8yMDIzLzEyLzQvaXNyYWVsLWhhbWFzLXdhci1saXN0LW9mLWtleS1ldmVudHMtZGF5LTU5?oc=5,"Mon, 04 Dec 2023 08:37:37 GMT"
Israel-Hamas war updates: Communications cut amid southern ... - Al Jazeera English,https://news.google.com/rss/articles/CBMidGh0dHBzOi8vd3d3LmFsamF6ZWVyYS5jb20vbmV3cy9saXZlYmxvZy8yMDIzLzEyLzQvaXNyYWVsLWdhemEtd2FyLWxpdmUtaXNyYWVsLWV4cGFuZHMtZ3JvdW5kLWF0dGFjay1pbi1zb3V0aGVybi1nYXph0gEA?oc=5,"Mon, 04 Dec 2023 20:13:02 GMT"
Israel-Palestine conflict: A brief history in maps and charts - Al Jazeera English,https://news.google.com/rss/articles/CBMiXGh0dHBzOi8vd3d3LmFsamF6ZWVyYS5jb20vbmV3cy8yMDIzLzExLzI3L3BhbGVzdGluZS1hbmQtaXNyYWVsLWJyaWVmLWhpc3RvcnktbWFwcy1hbmQtY2hhcnRz0gFgaHR0cHM6Ly93d3cuYWxqYXplZXJhLmNvbS9hbXAvbmV3cy8yMDIzLzExLzI3L3BhbGVzdGluZS1hbmQtaXNyYWVsLWJyaWVmLWhpc3RvcnktbWFwcy1hbmQtY2hhcnRz?oc=5,"Mon, 27 Nov 2023 07:41:29 GMT"
Israel-Hamas war updates: More Palestinian prisoners released - Al Jazeera English,https://news.google.com/rss/articles/CBMifGh0dHBzOi8vd3d3LmFsamF6ZWVyYS5jb20vbmV3cy9saXZlYmxvZy8yMDIzLzExLzMwL2lzcmFlbC1oYW1hcy13YXItbGl2ZS1zaXh0aC1jYXB0aXZlLXByaXNvbmVyLXN3YXAtYWhlYWQtb2YtdHJ1Y2UtZGVhZGxpbmXSAQA?oc=5,"Fri, 01 Dec 2023 00:10:17 GMT"
"However Difficult, The United States Should Still Pursue Israeli ... - War On The Rocks",https://news.google.com/rss/articles/CBMidGh0dHBzOi8vd2Fyb250aGVyb2Nrcy5jb20vMjAyMy8xMS9ob3dldmVyLWRpZmZpY3VsdC10aGUtdW5pdGVkLXN0YXRlcy1zaG91bGQtc3RpbGwtcHVyc3VlLWlzcmFlbGktcGFsZXN0aW5pYW4tcGVhY2Uv0gEA?oc=5,"Mon, 27 Nov 2023 08:48:20 GMT"
Can China and America Resolve the Israeli-Palestinian Conflict? - The National Interest Online,https://news.google.com/rss/articles/CBMiZmh0dHBzOi8vbmF0aW9uYWxpbnRlcmVzdC5vcmcvZmVhdHVyZS9jYW4tY2hpbmEtYW5kLWFtZXJpY2EtcmVzb2x2ZS1pc3JhZWxpLXBhbGVzdGluaWFuLWNvbmZsaWN0LTIwNzYzM9IBAA?oc=5,"Sun, 03 Dec 2023 18:36:00 GMT"
The sultan's ghost: Erdoğan and the Israeli-Palestinian conflict ... - Brookings Institution,https://news.google.com/rss/articles/CBMiYmh0dHBzOi8vd3d3LmJyb29raW5ncy5lZHUvYXJ0aWNsZXMvdGhlLXN1bHRhbnMtZ2hvc3QtZXJkb2dhbi1hbmQtdGhlLWlzcmFlbGktcGFsZXN0aW5pYW4tY29uZmxpY3Qv0gEA?oc=5,"Wed, 22 Nov 2023 08:00:00 GMT"
Were campus tensions around the Israeli-Palestinian conflict high ... - Foundation for Individual Rights in Education,https://news.google.com/rss/articles/CBMiZGh0dHBzOi8vd3d3LnRoZWZpcmUub3JnL25ld3Mvd2VyZS1jYW1wdXMtdGVuc2lvbnMtYXJvdW5kLWlzcmFlbGktcGFsZXN0aW5pYW4tY29uZmxpY3QtaGlnaC1vY3RvYmVyLTfSAQA?oc=5,"Wed, 29 Nov 2023 14:41:46 GMT"
Europe: Inflamed and haunted by Israeli-Palestinian conflict - Courthouse News Service,https://news.google.com/rss/articles/CBMiW2h0dHBzOi8vd3d3LmNvdXJ0aG91c2VuZXdzLmNvbS9ldXJvcGUtaW5mbGFtZWQtYW5kLWhhdW50ZWQtYnktaXNyYWVsaS1wYWxlc3Rpbmlhbi1jb25mbGljdC_SAQA?oc=5,"Tue, 21 Nov 2023 08:00:00 GMT"
Inside California college protests over the Israeli-Palestinian conflict - CalMatters,https://news.google.com/rss/articles/CBMiamh0dHBzOi8vY2FsbWF0dGVycy5vcmcvZWR1Y2F0aW9uL2hpZ2hlci1lZHVjYXRpb24vMjAyMy8xMS9pc3JhZWxpLXBhbGVzdGluaWFuLWNvbmZsaWN0LWNhbGlmb3JuaWEtY29sbGVnZS_SAQA?oc=5,"Tue, 14 Nov 2023 08:00:00 GMT"
Victims of Israeli-Palestinian conflict come together for peace - NBC News,https://news.google.com/rss/articles/CBMibmh0dHBzOi8vd3d3Lm5iY25ld3MuY29tL25vdy92aWRlby92aWN0aW1zLW9mLWlzcmFlbGktcGFsZXN0aW5pYW4tY29uZmxpY3QtY29tZS10b2dldGhlci1mb3ItcGVhY2UtMTk4NDUwNzU3NTQ20gE3aHR0cHM6Ly93d3cubmJjbmV3cy5jb20vbmV3cy9hbXAtdmlkZW8vbW12bzE5ODQ1MDc1NzU0Ng?oc=5,"Tue, 21 Nov 2023 08:00:00 GMT"
DFLers clash over Israeli-Palestinian conflict - St. Paul Pioneer Press,https://news.google.com/rss/articles/CBMiVWh0dHBzOi8vd3d3LnR3aW5jaXRpZXMuY29tLzIwMjMvMTEvMzAvZGZsZXJzLWNsYXNoLW92ZXItaXNyYWVsaS1wYWxlc3Rpbmlhbi1jb25mbGljdC_SAVlodHRwczovL3d3dy50d2luY2l0aWVzLmNvbS8yMDIzLzExLzMwL2RmbGVycy1jbGFzaC1vdmVyLWlzcmFlbGktcGFsZXN0aW5pYW4tY29uZmxpY3QvYW1wLw?oc=5,"Fri, 01 Dec 2023 01:22:35 GMT"
China proposes actions from UNSC on Israeli-Palestinian conflict - The Jerusalem Post,https://news.google.com/rss/articles/CBMiMmh0dHBzOi8vd3d3Lmpwb3N0LmNvbS9icmVha2luZy1uZXdzL2FydGljbGUtNzc1Nzc40gEA?oc=5,"Thu, 30 Nov 2023 01:10:00 GMT"
"Is Israel criminalising Palestinian thoughts too, amid Gaza war? - Al Jazeera English",https://news.google.com/rss/articles/CBMiZ2h0dHBzOi8vd3d3LmFsamF6ZWVyYS5jb20vbmV3cy8yMDIzLzEyLzIvaXMtaXNyYWVsLWNyaW1pbmFsaXNpbmctcGFsZXN0aW5pYW4tdGhvdWdodHMtdG9vLWFtaWQtZ2F6YS13YXLSAWtodHRwczovL3d3dy5hbGphemVlcmEuY29tL2FtcC9uZXdzLzIwMjMvMTIvMi9pcy1pc3JhZWwtY3JpbWluYWxpc2luZy1wYWxlc3Rpbmlhbi10aG91Z2h0cy10b28tYW1pZC1nYXphLXdhcg?oc=5,"Sat, 02 Dec 2023 09:02:01 GMT"
"Israel-Hamas war updates: 33 Palestinians, 11 Israelis released ... - Al Jazeera English",https://news.google.com/rss/articles/CBMieGh0dHBzOi8vd3d3LmFsamF6ZWVyYS5jb20vbmV3cy9saXZlYmxvZy8yMDIzLzExLzI3L2lzcmFlbC1oYW1hcy13YXItbGl2ZS1jYWxscy10by1leHRlbmQtdHJ1Y2UtZ3Jvdy1hcy1jYXB0aXZlcy1yZWxlYXNlZNIBAA?oc=5,"Mon, 27 Nov 2023 21:40:02 GMT"
Opinion | The Israel-Palestine Conflict Has Been Raging for 75 Years - The New York Times,https://news.google.com/rss/articles/CBMiR2h0dHBzOi8vd3d3Lm55dGltZXMuY29tLzIwMjMvMTEvMTQvb3Bpbmlvbi9pc3JhZWwtZ2F6YS13YXItaGlzdG9yeS5odG1s0gEA?oc=5,"Tue, 14 Nov 2023 08:00:00 GMT"
Charts show a stark difference in the human cost of Israeli-Palestinian conflicts over the years - CNBC,https://news.google.com/rss/articles/CBMiaWh0dHBzOi8vd3d3LmNuYmMuY29tLzIwMjMvMTEvMTIvaXNyYWVsLWhhbWFzLXdhci1kYXRhLXNob3dzLWh1bWFuLWNvc3Qtb2YtY29uZmxpY3QtdGhyb3VnaC10aGUteWVhcnMuaHRtbNIBbWh0dHBzOi8vd3d3LmNuYmMuY29tL2FtcC8yMDIzLzExLzEyL2lzcmFlbC1oYW1hcy13YXItZGF0YS1zaG93cy1odW1hbi1jb3N0LW9mLWNvbmZsaWN0LXRocm91Z2gtdGhlLXllYXJzLmh0bWw?oc=5,"Sun, 12 Nov 2023 08:00:00 GMT"
Polls from the Past: How opinion has changed on the Israeli ... - YouGov US,https://news.google.com/rss/articles/CBMidWh0dHBzOi8vdG9kYXkueW91Z292LmNvbS9wb2xpdGljcy9hcnRpY2xlcy80Nzg4Ny1wb2xscy1mcm9tLXRoZS1wYXN0LWhvdy1vcGluaW9uLWNoYW5nZWQtaXNyYWVsaS1wYWxlc3Rpbmlhbi1jb25mbGljdNIBAA?oc=5,"Fri, 17 Nov 2023 08:00:00 GMT"
Many Americans say the Israeli-Palestinian conflict is affecting their ... - YouGov US,https://news.google.com/rss/articles/CBMigwFodHRwczovL3RvZGF5LnlvdWdvdi5jb20vcG9saXRpY3MvYXJ0aWNsZXMvNDc3OTYtbWFueS1hbWVyaWNhbnMtc2F5LXRoZS1pc3JhZWxpLXBhbGVzdGluaWFuLWNvbmZsaWN0LWlzLWFmZmVjdGluZy10aGVpci1mcmllbmRzaGlwc9IBAA?oc=5,"Mon, 06 Nov 2023 08:00:00 GMT"
"Texas State Democratic Executive Committee Unanimously Passes Israeli-Palestinian Resolution, Calls for a Humanitarian Ceasefire and Release of Hostages - Texas Democratic Party",https://news.google.com/rss/articles/CBMivAFodHRwczovL3d3dy50ZXhhc2RlbW9jcmF0cy5vcmcvbWVkaWEvdGV4YXMtc3RhdGUtZGVtb2NyYXRpYy1leGVjdXRpdmUtY29tbWl0dGVlLXVuYW5pbW91c2x5LXBhc3Nlcy1pc3JhZWxpLXBhbGVzdGluaWFuLXJlc29sdXRpb24tY2FsbHMtZm9yLWEtaHVtYW5pdGFyaWFuLWNlYXNlZmlyZS1hbmQtcmVsZWFzZS1vZi1ob3N0YWdlc9IBxwFodHRwczovL3d3dy50ZXhhc2RlbW9jcmF0cy5vcmcvbWVkaWEvdGV4YXMtc3RhdGUtZGVtb2NyYXRpYy1leGVjdXRpdmUtY29tbWl0dGVlLXVuYW5pbW91c2x5LXBhc3Nlcy1pc3JhZWxpLXBhbGVzdGluaWFuLXJlc29sdXRpb24tY2FsbHMtZm9yLWEtaHVtYW5pdGFyaWFuLWNlYXNlZmlyZS1hbmQtcmVsZWFzZS1vZi1ob3N0YWdlcz9mb3JtYXQ9YW1w?oc=5,"Sat, 02 Dec 2023 20:15:30 GMT"
"As the Israel-Palestine conflict escalates, more see Israel as an ally. - AP-NORC",https://news.google.com/rss/articles/CBMiYmh0dHBzOi8vYXBub3JjLm9yZy9wcm9qZWN0cy9hcy10aGUtaXNyYWVsLXBhbGVzdGluZS1jb25mbGljdC1lc2NhbGF0ZXMtbW9yZS1zZWUtaXNyYWVsLWFzLWFuLWFsbHkv0gEA?oc=5,"Wed, 08 Nov 2023 08:00:00 GMT"
"Israel-Palestine war: ‘Ceasefire’ or ‘pause’, what have world leaders said? - Al Jazeera English",https://news.google.com/rss/articles/CBMid2h0dHBzOi8vd3d3LmFsamF6ZWVyYS5jb20vbmV3cy9sb25nZm9ybS8yMDIzLzExLzMwL2lzcmFlbC1wYWxlc3RpbmUtd2FyLWNlYXNlZmlyZS1vci1wYXVzZS13aGF0LWhhdmUtd29ybGQtbGVhZGVycy1zYWlk0gF7aHR0cHM6Ly93d3cuYWxqYXplZXJhLmNvbS9hbXAvbmV3cy9sb25nZm9ybS8yMDIzLzExLzMwL2lzcmFlbC1wYWxlc3RpbmUtd2FyLWNlYXNlZmlyZS1vci1wYXVzZS13aGF0LWhhdmUtd29ybGQtbGVhZGVycy1zYWlk?oc=5,"Thu, 30 Nov 2023 13:22:35 GMT"
BEN-ZION: Free Palestine from Hamas - Yale Daily News,https://news.google.com/rss/articles/CBMiTWh0dHBzOi8veWFsZWRhaWx5bmV3cy5jb20vYmxvZy8yMDIzLzEyLzA0L2Jlbi16aW9uLWZyZWUtcGFsZXN0aW5lLWZyb20taGFtYXMv0gEA?oc=5,"Mon, 04 Dec 2023 11:47:06 GMT"
The West Had Distorted View of Israeli-Palestinian Conflict | WPR - World Politics Review,https://news.google.com/rss/articles/CBMiSGh0dHBzOi8vd3d3LndvcmxkcG9saXRpY3NyZXZpZXcuY29tL2lzcmFlbC1jdWx0dXJlLXBhbGVzdGluaWFuLWNvbmZsaWN0L9IBAA?oc=5,"Fri, 01 Dec 2023 13:26:25 GMT"
Arizona legislative Democrats are divided on Israeli-Palestinian ... - Arizona Mirror,https://news.google.com/rss/articles/CBMibmh0dHBzOi8vd3d3LmF6bWlycm9yLmNvbS8yMDIzLzExLzEwL2FyaXpvbmEtbGVnaXNsYXRpdmUtZGVtb2NyYXRzLWFyZS1kaXZpZGVkLW9uLWlzcmFlbGktcGFsZXN0aW5pYW4tY29uZmxpY3Qv0gEA?oc=5,"Fri, 10 Nov 2023 08:00:00 GMT"
Losers of the Israeli-Palestinian conflict | Daily Sabah - Daily Sabah,https://news.google.com/rss/articles/CBMiVWh0dHBzOi8vd3d3LmRhaWx5c2FiYWguY29tL29waW5pb24vY29sdW1ucy9sb3NlcnMtb2YtdGhlLWlzcmFlbGktcGFsZXN0aW5pYW4tY29uZmxpY3TSAVlodHRwczovL3d3dy5kYWlseXNhYmFoLmNvbS9vcGluaW9uL2NvbHVtbnMvbG9zZXJzLW9mLXRoZS1pc3JhZWxpLXBhbGVzdGluaWFuLWNvbmZsaWN0L2FtcA?oc=5,"Thu, 30 Nov 2023 10:00:41 GMT"
"The two-state solution to the Israeli-Palestinian conflict, explained ... - The Washington Post",https://news.google.com/rss/articles/CBMiXmh0dHBzOi8vd3d3Lndhc2hpbmd0b25wb3N0LmNvbS93b3JsZC8yMDIzLzExLzA3L2lzcmFlbC1wYWxlc3RpbmUtdHdvLXN0YXRlLXNvbHV0aW9uLWV4cGxhaW5lZC_SAQA?oc=5,"Tue, 07 Nov 2023 08:00:00 GMT"
New Jersey school board selectively restricts public comments ... - Foundation for Individual Rights in Education,https://news.google.com/rss/articles/CBMidGh0dHBzOi8vd3d3LnRoZWZpcmUub3JnL25ld3MvbmV3LWplcnNleS1zY2hvb2wtYm9hcmQtc2VsZWN0aXZlbHktcmVzdHJpY3RzLXB1YmxpYy1jb21tZW50cy1hYm91dC1pc3JhZWxpLXBhbGVzdGluaWFu0gEA?oc=5,"Thu, 30 Nov 2023 14:46:35 GMT"
US lawmaker says 'disappointed' by US' approach to Israeli ... - Anadolu Agency | English,https://news.google.com/rss/articles/CBMidmh0dHBzOi8vd3d3LmFhLmNvbS50ci9lbi9hbWVyaWNhcy91cy1sYXdtYWtlci1zYXlzLWRpc2FwcG9pbnRlZC1ieS11cy1hcHByb2FjaC10by1pc3JhZWxpLXBhbGVzdGluaWFuLWNvbmZsaWN0LzMwNjkzNDnSAQA?oc=5,"Thu, 30 Nov 2023 14:14:40 GMT"
"Worldwide rallies in solidarity with Palestinians, condemning Israel’s war - Al Jazeera English",https://news.google.com/rss/articles/CBMicWh0dHBzOi8vd3d3LmFsamF6ZWVyYS5jb20vZ2FsbGVyeS8yMDIzLzExLzMwL3Bob3Rvcy1wZW9wbGUtYXJvdW5kLXRoZS13b3JsZC1yYWxseS1pbi1zb2xpZGFyaXR5LXdpdGgtcGFsZXN0aW5pYW5z0gF1aHR0cHM6Ly93d3cuYWxqYXplZXJhLmNvbS9hbXAvZ2FsbGVyeS8yMDIzLzExLzMwL3Bob3Rvcy1wZW9wbGUtYXJvdW5kLXRoZS13b3JsZC1yYWxseS1pbi1zb2xpZGFyaXR5LXdpdGgtcGFsZXN0aW5pYW5z?oc=5,"Thu, 30 Nov 2023 07:50:40 GMT"
Activists speak out on Israel-Hamas war at heated City Council ... - Knoxville News Sentinel,https://news.google.com/rss/articles/CBMinAFodHRwczovL3d3dy5rbm94bmV3cy5jb20vcGljdHVyZS1nYWxsZXJ5L25ld3MvbG9jYWwvMjAyMy8xMi8wMi9rbm94dmlsbGUtYWN0aXZpc3RzLXNwZWFrLW91dC1vbi1pc3JhZWwtaGFtYXMtd2FyLWF0LWhlYXRlZC1jaXR5LWNvdW5jaWwtbWVldGluZy83MTczMzM0MzAwNy_SAQA?oc=5,"Sat, 02 Dec 2023 18:54:46 GMT"
The historical trauma behind the Israeli-Palestinian conflict - KPBS,https://news.google.com/rss/articles/CBMib2h0dHBzOi8vd3d3LmtwYnMub3JnL3BvZGNhc3RzL2twYnMtbWlkZGF5LWVkaXRpb24vdGhlLWhpc3RvcmljYWwtdHJhdW1hLWJlaGluZC10aGUtaXNyYWVsaS1wYWxlc3Rpbmlhbi1jb25mbGljdNIBAA?oc=5,"Mon, 06 Nov 2023 08:00:00 GMT"
Post Misrepresents Condition of Israeli Hostages Released by Hamas - FactCheck.org,https://news.google.com/rss/articles/CBMiZWh0dHBzOi8vd3d3LmZhY3RjaGVjay5vcmcvMjAyMy8xMi9wb3N0LW1pc3JlcHJlc2VudHMtY29uZGl0aW9uLW9mLWlzcmFlbGktaG9zdGFnZXMtcmVsZWFzZWQtYnktaGFtYXMv0gEA?oc=5,"Mon, 04 Dec 2023 22:39:57 GMT"
A constructive dialogue: Community forum highlights challenges of ... - Shepherdstown Chronicle,https://news.google.com/rss/articles/CBMinAFodHRwczovL3d3dy5zaGVwaGVyZHN0b3duY2hyb25pY2xlLmNvbS9uZXdzLzIwMjMvMTEvMjQvYS1jb25zdHJ1Y3RpdmUtZGlhbG9ndWUtY29tbXVuaXR5LWZvcnVtLWhpZ2hsaWdodHMtY2hhbGxlbmdlcy1vZi1lbmRpbmctaXNyYWVsaS1wYWxlc3Rpbmlhbi1jb25mbGljdC_SAQA?oc=5,"Fri, 24 Nov 2023 07:58:46 GMT"
Palestinians celebrate release of prisoners from Israeli jails - Al Jazeera English,https://news.google.com/rss/articles/CBMib2h0dHBzOi8vd3d3LmFsamF6ZWVyYS5jb20vZ2FsbGVyeS8yMDIzLzEyLzEvcGhvdG9zLXBhbGVzdGluaWFucy1jZWxlYnJhdGUtcmVsZWFzZS1vZi1hbm90aGVyLWJhdGNoLW9mLXByaXNvbmVyc9IBc2h0dHBzOi8vd3d3LmFsamF6ZWVyYS5jb20vYW1wL2dhbGxlcnkvMjAyMy8xMi8xL3Bob3Rvcy1wYWxlc3RpbmlhbnMtY2VsZWJyYXRlLXJlbGVhc2Utb2YtYW5vdGhlci1iYXRjaC1vZi1wcmlzb25lcnM?oc=5,"Fri, 01 Dec 2023 06:25:21 GMT"
Community Voices: Understanding the Israel-Palestinian conflict ... - The Bakersfield Californian,https://news.google.com/rss/articles/CBMilAFodHRwczovL3d3dy5iYWtlcnNmaWVsZC5jb20vb3Bpbmlvbi9jb21tdW5pdHktdm9pY2VzLXVuZGVyc3RhbmRpbmctdGhlLWlzcmFlbC1wYWxlc3Rpbmlhbi1jb25mbGljdC9hcnRpY2xlX2VhZWIzM2M4LThmYzYtMTFlZS04MWE0LTNiZGNkOWYxODYzNC5odG1s0gEA?oc=5,"Fri, 01 Dec 2023 08:15:00 GMT"
EU foreign policy chief emphasizes on 2-state solution to Israel ... - Anadolu Agency | English,https://news.google.com/rss/articles/CBMie2h0dHBzOi8vd3d3LmFhLmNvbS50ci9lbi9ldXJvcGUvZXUtZm9yZWlnbi1wb2xpY3ktY2hpZWYtZW1waGFzaXplcy1vbi0yLXN0YXRlLXNvbHV0aW9uLXRvLWlzcmFlbC1wYWxlc3RpbmUtY29uZmxpY3QvMzA3MjczMdIBAA?oc=5,"Mon, 04 Dec 2023 12:34:51 GMT"
"Israel-Hamas war: List of key events, day 30 - Al Jazeera English",https://news.google.com/rss/articles/CBMiU2h0dHBzOi8vd3d3LmFsamF6ZWVyYS5jb20vbmV3cy8yMDIzLzExLzUvaXNyYWVsLWhhbWFzLXdhci1saXN0LW9mLWtleS1ldmVudHMtZGF5LTMw0gFXaHR0cHM6Ly93d3cuYWxqYXplZXJhLmNvbS9hbXAvbmV3cy8yMDIzLzExLzUvaXNyYWVsLWhhbWFzLXdhci1saXN0LW9mLWtleS1ldmVudHMtZGF5LTMw?oc=5,"Sun, 05 Nov 2023 07:00:00 GMT"
U.S. stands by two-state solution to Israeli-Palestinian conflict – Envoy - P.M. News,https://news.google.com/rss/articles/CBMibGh0dHBzOi8vcG1uZXdzbmlnZXJpYS5jb20vMjAyMy8xMi8wNC91LXMtc3RhbmRzLWJ5LXR3by1zdGF0ZS1zb2x1dGlvbi10by1pc3JhZWxpLXBhbGVzdGluaWFuLWNvbmZsaWN0LWVudm95L9IBcmh0dHBzOi8vcG1uZXdzbmlnZXJpYS5jb20vMjAyMy8xMi8wNC91LXMtc3RhbmRzLWJ5LXR3by1zdGF0ZS1zb2x1dGlvbi10by1pc3JhZWxpLXBhbGVzdGluaWFuLWNvbmZsaWN0LWVudm95Lz9hbXA9MQ?oc=5,"Mon, 04 Dec 2023 04:26:24 GMT"
The Israeli-Palestinian conflict: a complex history – Scot Scoop News - Scot Scoop News,https://news.google.com/rss/articles/CBMiS2h0dHBzOi8vc2NvdHNjb29wLmNvbS90aGUtaXNyYWVsaS1wYWxlc3Rpbmlhbi1jb25mbGljdC1hLWNvbXBsZXgtaGlzdG9yeS0yL9IBAA?oc=5,"Sun, 19 Nov 2023 08:00:00 GMT"
What ‘tunnels’ and ‘hostages’ mean in Gaza - Al Jazeera English,https://news.google.com/rss/articles/CBMiU2h0dHBzOi8vd3d3LmFsamF6ZWVyYS5jb20vb3BpbmlvbnMvMjAyMy8xMi8zL3doYXQtdHVubmVscy1hbmQtaG9zdGFnZXMtbWVhbi1pbi1nYXph0gFXaHR0cHM6Ly93d3cuYWxqYXplZXJhLmNvbS9hbXAvb3BpbmlvbnMvMjAyMy8xMi8zL3doYXQtdHVubmVscy1hbmQtaG9zdGFnZXMtbWVhbi1pbi1nYXph?oc=5,"Sun, 03 Dec 2023 17:36:48 GMT"
Infographic: Global Demonstrations in Response to the Israel ... - ACLED,https://news.google.com/rss/articles/CBMicGh0dHBzOi8vYWNsZWRkYXRhLmNvbS8yMDIzLzExLzA3L2luZm9ncmFwaGljLWdsb2JhbC1kZW1vbnN0cmF0aW9ucy1pbi1yZXNwb25zZS10by10aGUtaXNyYWVsLXBhbGVzdGluZS1jb25mbGljdC_SAQA?oc=5,"Tue, 07 Nov 2023 08:00:00 GMT"
Academic departments facilitate lecture and discussion session ... - Ithaca College The Ithacan,https://news.google.com/rss/articles/CBMigAFodHRwczovL3RoZWl0aGFjYW4ub3JnLzUxNzc3L25ld3MvYWNhZGVtaWMtZGVwYXJ0bWVudHMtZmFjaWxpdGF0ZS1sZWN0dXJlLWFuZC1kaXNjdXNzaW9uLXNlc3Npb24tYWJvdXQtaXNyYWVsLXBhbGVzdGluZS1oaXN0b3J5L9IBAA?oc=5,"Mon, 04 Dec 2023 21:42:29 GMT"
China takes cautious approach to diplomacy over Israel-Gaza war - Al Jazeera English,https://news.google.com/rss/articles/CBMiaGh0dHBzOi8vd3d3LmFsamF6ZWVyYS5jb20vbmV3cy8yMDIzLzExLzYvY2hpbmEtdGFrZXMtY2F1dGlvdXMtYXBwcm9hY2gtdG8tZGlwbG9tYWN5LW92ZXItaXNyYWVsLWdhemEtd2Fy0gFsaHR0cHM6Ly93d3cuYWxqYXplZXJhLmNvbS9hbXAvbmV3cy8yMDIzLzExLzYvY2hpbmEtdGFrZXMtY2F1dGlvdXMtYXBwcm9hY2gtdG8tZGlwbG9tYWN5LW92ZXItaXNyYWVsLWdhemEtd2Fy?oc=5,"Mon, 06 Nov 2023 08:00:00 GMT"
"Why does Israel target Palestinian hospitals? Psyops, say analysts - Al Jazeera English",https://news.google.com/rss/articles/CBMibmh0dHBzOi8vd3d3LmFsamF6ZWVyYS5jb20vZmVhdHVyZXMvMjAyMy8xMS8yMC93aHktZG9lcy1pc3JhZWwtdGFyZ2V0LXBhbGVzdGluaWFuLWhvc3BpdGFscy1wc3lvcHMtc2F5LWFuYWx5c3Rz0gFyaHR0cHM6Ly93d3cuYWxqYXplZXJhLmNvbS9hbXAvZmVhdHVyZXMvMjAyMy8xMS8yMC93aHktZG9lcy1pc3JhZWwtdGFyZ2V0LXBhbGVzdGluaWFuLWhvc3BpdGFscy1wc3lvcHMtc2F5LWFuYWx5c3Rz?oc=5,"Mon, 20 Nov 2023 08:00:00 GMT"
British premier says two-state solution 'only answer' to Israeli ... - Anadolu Agency | English,https://news.google.com/rss/articles/CBMie2h0dHBzOi8vd3d3LmFhLmNvbS50ci9lbi9ldXJvcGUvYnJpdGlzaC1wcmVtaWVyLXNheXMtdHdvLXN0YXRlLXNvbHV0aW9uLW9ubHktYW5zd2VyLXRvLWlzcmFlbGktcGFsZXN0aW5pYW4tY29uZmxpY3QvMzA1Mjk0MNIBAA?oc=5,"Tue, 14 Nov 2023 08:00:00 GMT"
The Israeli-Palestinian Conflict Reignites – The Organization for ... - The Organization for World Peace,https://news.google.com/rss/articles/CBMiPmh0dHBzOi8vdGhlb3dwLm9yZy90aGUtaXNyYWVsaS1wYWxlc3Rpbmlhbi1jb25mbGljdC1yZWlnbml0ZXMv0gEA?oc=5,"Fri, 01 Dec 2023 22:30:20 GMT"
Folsom residents express disdain for city council's declaration ... - Gold Country Media,https://news.google.com/rss/articles/CBMijwFodHRwczovL2dvbGRjb3VudHJ5bWVkaWEuY29tL25ld3MvMjk2ODIwL2ZvbHNvbS1yZXNpZGVudHMtZXhwcmVzcy1kaXNkYWluLWZvci1jaXR5LWNvdW5jaWxzLWRlY2xhcmF0aW9uLXJlZ2FyZGluZy1pc3JhZWxpLXBhbGVzdGluaWFuLWNvbmZsaWN0L9IBAA?oc=5,"Tue, 21 Nov 2023 08:00:00 GMT"
Not your parents' Israeli-Palestinian conflict - Al-Monitor,https://news.google.com/rss/articles/CBMiWmh0dHBzOi8vd3d3LmFsLW1vbml0b3IuY29tL29yaWdpbmFscy8yMDIzLzExL25vdC15b3VyLXBhcmVudHMtaXNyYWVsaS1wYWxlc3Rpbmlhbi1jb25mbGljdNIBAA?oc=5,"Sat, 11 Nov 2023 08:00:00 GMT"
Israel and Palestine: a complete guide to the crisis - The Guardian,https://news.google.com/rss/articles/CBMiYWh0dHBzOi8vd3d3LnRoZWd1YXJkaWFuLmNvbS93b3JsZC8yMDIzL25vdi8wMy9pc3JhZWwtYW5kLXBhbGVzdGluZS1hLWNvbXBsZXRlLWd1aWRlLXRvLXRoZS1jcmlzaXPSAWFodHRwczovL2FtcC50aGVndWFyZGlhbi5jb20vd29ybGQvMjAyMy9ub3YvMDMvaXNyYWVsLWFuZC1wYWxlc3RpbmUtYS1jb21wbGV0ZS1ndWlkZS10by10aGUtY3Jpc2lz?oc=5,"Fri, 03 Nov 2023 07:00:00 GMT"
Halsey Breaks Silence on Israeli-Palestinian Conflict - Newsweek,https://news.google.com/rss/articles/CBMiUGh0dHBzOi8vd3d3Lm5ld3N3ZWVrLmNvbS9oYWxzZXktdGFrZXMtc3RhbmQtaXNyYWVsaS1wYWxlc3Rpbmlhbi1jb25mbGljdC0xODQzODc20gEA?oc=5,"Wed, 15 Nov 2023 08:00:00 GMT"
Why is the Israeli-Palestinian conflict so hard to resolve? - DW (English),https://news.google.com/rss/articles/CBMiX2h0dHBzOi8vd3d3LmR3LmNvbS9lbi93aHktaXMtdGhlLWlzcmFlbGktcGFsZXN0aW5pYW4tY29uZmxpY3Qtc28taGFyZC10by1yZXNvbHZlL3ZpZGVvLTY3MzE2MDM40gFfaHR0cHM6Ly9hbXAuZHcuY29tL2VuL3doeS1pcy10aGUtaXNyYWVsaS1wYWxlc3Rpbmlhbi1jb25mbGljdC1zby1oYXJkLXRvLXJlc29sdmUvdmlkZW8tNjczMTYwMzg?oc=5,"Mon, 06 Nov 2023 08:00:00 GMT"
Proxy Wars: Israel-Palestine Conflict is Reinforcing Bosnia's Divisions - Balkan Insight,https://news.google.com/rss/articles/CBMia2h0dHBzOi8vYmFsa2FuaW5zaWdodC5jb20vMjAyMy8xMS8xMC9wcm94eS13YXJzLWlzcmFlbC1wYWxlc3RpbmUtY29uZmxpY3QtaXMtcmVpbmZvcmNpbmctYm9zbmlhcy1kaXZpc2lvbnMv0gEA?oc=5,"Fri, 10 Nov 2023 08:00:00 GMT"
Israel issues ‘evacuation map’ as it targets south Gaza - Al Jazeera English,https://news.google.com/rss/articles/CBMiamh0dHBzOi8vd3d3LmFsamF6ZWVyYS5jb20vcHJvZ3JhbS9uZXdzZmVlZC8yMDIzLzEyLzIvaXNyYWVsLWlzc3Vlcy1ldmFjdWF0aW9uLW1hcC1hcy1pdC10YXJnZXRzLXNvdXRoLWdhemHSAW5odHRwczovL3d3dy5hbGphemVlcmEuY29tL2FtcC9wcm9ncmFtL25ld3NmZWVkLzIwMjMvMTIvMi9pc3JhZWwtaXNzdWVzLWV2YWN1YXRpb24tbWFwLWFzLWl0LXRhcmdldHMtc291dGgtZ2F6YQ?oc=5,"Sat, 02 Dec 2023 11:35:53 GMT"
13 books to help you understand the Israeli-Palestinian conflict - ISRAEL21c,https://news.google.com/rss/articles/CBMiWGh0dHBzOi8vd3d3LmlzcmFlbDIxYy5vcmcvYm9va3MtdG8taGVscC15b3UtdW5kZXJzdGFuZC10aGUtaXNyYWVsaS1wYWxlc3Rpbmlhbi1jb25mbGljdC_SAQA?oc=5,"Wed, 22 Nov 2023 13:13:02 GMT"
How the Biden team is planning for a postwar Gaza Strip - POLITICO,https://news.google.com/rss/articles/CBMiVmh0dHBzOi8vd3d3LnBvbGl0aWNvLmNvbS9uZXdzL21hZ2F6aW5lLzIwMjMvMTIvMDQvYmlkZW4tZ2F6YS1pc3JhZWwtaGFtYXMtd2FyLTAwMTMwMDAw0gEA?oc=5,"Mon, 04 Dec 2023 22:24:02 GMT"
Processing: Israeli-Palestinian Conflict Together - Albion College,https://news.google.com/rss/articles/CBMiTmh0dHBzOi8vd3d3LmFsYmlvbi5lZHUvZXZlbnQvcHJvY2Vzc2luZy1pc3JhZWxpLXBhbGVzdGluaWFuLWNvbmZsaWN0LXRvZ2V0aGVyL9IBAA?oc=5,"Wed, 15 Nov 2023 08:00:00 GMT"
"Amid Heated Debate on Israeli-Palestinian Conflict, Some Local Groups Face Backlash For Call for Peace - Traverse City Ticker",https://news.google.com/rss/articles/CBMifmh0dHBzOi8vd3d3LnRyYXZlcnNldGlja2VyLmNvbS9uZXdzL2FtaWQtaGVhdGVkLWRlYmF0ZS1vbi1pc3JhZWxpLXBhbGVzdGluaWFuLWNvbmZsaWN0LWxvY2FsLWdyb3Vwcy1idXNpbmVzc2VzLWNhbGwtZm9yLXBlYWNlL9IBggFodHRwczovL3d3dy50cmF2ZXJzZXRpY2tlci5jb20vYW1wL25ld3MvYW1pZC1oZWF0ZWQtZGViYXRlLW9uLWlzcmFlbGktcGFsZXN0aW5pYW4tY29uZmxpY3QtbG9jYWwtZ3JvdXBzLWJ1c2luZXNzZXMtY2FsbC1mb3ItcGVhY2Uv?oc=5,"Wed, 15 Nov 2023 08:00:00 GMT"
Israel-Hamas war updates: Israeli air strikes pound Gaza as troops ... - Al Jazeera English,https://news.google.com/rss/articles/CBMicmh0dHBzOi8vd3d3LmFsamF6ZWVyYS5jb20vbmV3cy9saXZlYmxvZy8yMDIzLzExLzQvaXNyYWVsLWhhbWFzLXdhci1saXZlLWhlYXZ5LWlzcmFlbGktYm9tYmluZy1wb3VuZHMtbm9ydGhlcm4tZ2F6YdIBAA?oc=5,"Sat, 04 Nov 2023 07:00:00 GMT"
"Borrell: Israeli-Palestinian conflict a battle of religion, civilization - The Jerusalem Post",https://news.google.com/rss/articles/CBMiOmh0dHBzOi8vd3d3Lmpwb3N0LmNvbS9hcmFiLWlzcmFlbGktY29uZmxpY3QvYXJ0aWNsZS03NzIwMDDSAQA?oc=5,"Mon, 06 Nov 2023 08:00:00 GMT"
"Israel-Gaza war ‘devastating’ Palestine economy, UN warns - Al Jazeera English",https://news.google.com/rss/articles/CBMiaWh0dHBzOi8vd3d3LmFsamF6ZWVyYS5jb20vZWNvbm9teS8yMDIzLzExLzEwL2lzcmFlbC1nYXphLXdhci1oYXZpbmctbWFzc2l2ZS1pbXBhY3Qtb24tcGFsZXN0aW5pYW4tZWNvbm9tedIBbWh0dHBzOi8vd3d3LmFsamF6ZWVyYS5jb20vYW1wL2Vjb25vbXkvMjAyMy8xMS8xMC9pc3JhZWwtZ2F6YS13YXItaGF2aW5nLW1hc3NpdmUtaW1wYWN0LW9uLXBhbGVzdGluaWFuLWVjb25vbXk?oc=5,"Fri, 10 Nov 2023 08:00:00 GMT"
International democracy as a solution to the Israeli-Palestinian conflict - Democracy Without Borders,https://news.google.com/rss/articles/CBMieGh0dHBzOi8vd3d3LmRlbW9jcmFjeXdpdGhvdXRib3JkZXJzLm9yZy8zMDA4NS9pbnRlcm5hdGlvbmFsLWRlbW9jcmFjeS1hcy1hLXNvbHV0aW9uLXRvLXRoZS1pc3JhZWxpLXBhbGVzdGluaWFuLWNvbmZsaWN0L9IBAA?oc=5,"Sat, 11 Nov 2023 08:00:00 GMT"
Hear what Queen Rania of Jordan said about Hamas and the 'root cause' of the conflict - CNN,https://news.google.com/rss/articles/CBMiW2h0dHBzOi8vd3d3LmNubi5jb20vdmlkZW9zL3dvcmxkLzIwMjMvMTEvMDUvcXVlZW4tcmFuaWEtam9yZGFuLWlzcmFlbGktaGFtYXMtd2FyLW5yLXZweC5jbm7SAV9odHRwczovL2FtcC5jbm4uY29tL2Nubi92aWRlb3Mvd29ybGQvMjAyMy8xMS8wNS9xdWVlbi1yYW5pYS1qb3JkYW4taXNyYWVsaS1oYW1hcy13YXItbnItdnB4LmNubg?oc=5,"Sun, 05 Nov 2023 07:00:00 GMT"
Protest against Starbucks in Helsinki highlights concerns over ... - Helsinki Times,https://news.google.com/rss/articles/CBMiugFodHRwczovL3d3dy5oZWxzaW5raXRpbWVzLmZpL2ZpbmxhbmQvZmlubGFuZC1uZXdzL2RvbWVzdGljLzI0NTQyLXByb3Rlc3QtYWdhaW5zdC1zdGFyYnVja3MtaW4taGVsc2lua2ktaGlnaGxpZ2h0cy1jb25jZXJucy1vdmVyLWNvcnBvcmF0ZS1pbnZvbHZlbWVudC1pbi1pc3JhZWxpLXBhbGVzdGluaWFuLWNvbmZsaWN0Lmh0bWzSAQA?oc=5,"Sun, 03 Dec 2023 14:58:21 GMT"
Gaza aid trucks stranded as Israel-Hamas war resumes - Al Jazeera English,https://news.google.com/rss/articles/CBMiXWh0dHBzOi8vd3d3LmFsamF6ZWVyYS5jb20vbmV3cy8yMDIzLzEyLzEvZ2F6YS1haWQtdHJ1Y2tzLXN0cmFuZGVkLWFzLWlzcmFlbC1oYW1hcy13YXItcmVzdW1lc9IBYWh0dHBzOi8vd3d3LmFsamF6ZWVyYS5jb20vYW1wL25ld3MvMjAyMy8xMi8xL2dhemEtYWlkLXRydWNrcy1zdHJhbmRlZC1hcy1pc3JhZWwtaGFtYXMtd2FyLXJlc3VtZXM?oc=5,"Fri, 01 Dec 2023 16:08:38 GMT"
What's New in The Israeli-Palestinian Conflict and What Can the ... - Modern Diplomacy,https://news.google.com/rss/articles/CBMibmh0dHBzOi8vbW9kZXJuZGlwbG9tYWN5LmV1LzIwMjMvMTEvMDcvd2hhdHMtbmV3LWluLXRoZS1pc3JhZWxpLXBhbGVzdGluaWFuLWNvbmZsaWN0LWFuZC13aGF0LWNhbi10aGUtd29ybGQtZG8v0gEA?oc=5,"Tue, 07 Nov 2023 08:00:00 GMT"
Vigil to be held for 'all those suffering' in Israeli-Palestinian conflict - The Independent,https://news.google.com/rss/articles/CBMiZGh0dHBzOi8vd3d3LmluZGVwZW5kZW50LmNvLnVrL25ld3MvdWsvcGVvcGxlLXBhbGVzdGluaWFuLWlzcmFlbGktam8tY294LWRvd25pbmctc3RyZWV0LWIyNDU0NTE2Lmh0bWzSAQA?oc=5,"Tue, 28 Nov 2023 00:01:00 GMT"
Most Britons have sympathy for both sides in Israel-Palestine conflict - YouGov,https://news.google.com/rss/articles/CBMieGh0dHBzOi8veW91Z292LmNvLnVrL2ludGVybmF0aW9uYWwvYXJ0aWNsZXMvNDc3ODQtbW9zdC1icml0b25zLWhhdmUtc3ltcGF0aHktZm9yLWJvdGgtc2lkZXMtaW4taXNyYWVsLXBhbGVzdGluZS1jb25mbGljdNIBAA?oc=5,"Mon, 06 Nov 2023 08:00:00 GMT"
An experts’ guide: culture to help understand the Israel-Palestine conflict - The Guardian,https://news.google.com/rss/articles/CBMiXGh0dHBzOi8vd3d3LnRoZWd1YXJkaWFuLmNvbS93b3JsZC8yMDIzL25vdi8xMi9leHBlcnRzLWd1aWRlLXRvLXRoZS1pc3JhZWwtcGFsZXN0aW5lLWNvbmZsaWN00gFcaHR0cHM6Ly9hbXAudGhlZ3VhcmRpYW4uY29tL3dvcmxkLzIwMjMvbm92LzEyL2V4cGVydHMtZ3VpZGUtdG8tdGhlLWlzcmFlbC1wYWxlc3RpbmUtY29uZmxpY3Q?oc=5,"Sun, 12 Nov 2023 08:00:00 GMT"
Harris Dashed to Dubai to Tackle Climate Change and War. Each ... - U.S. News & World Report,https://news.google.com/rss/articles/CBMimgFodHRwczovL3d3dy51c25ld3MuY29tL25ld3MvcG9saXRpY3MvYXJ0aWNsZXMvMjAyMy0xMi0wMy9oYXJyaXMtZGFzaGVkLXRvLWR1YmFpLXRvLXRhY2tsZS1jbGltYXRlLWNoYW5nZS1hbmQtd2FyLWVhY2gtY2Fycmllcy1oaWdoLXBvbGl0aWNhbC1yaXNrcy1hdC1ob21l0gEA?oc=5,"Sun, 03 Dec 2023 18:27:00 GMT"
"Civilians paying price for war in Gaza, says Brazilian president - Anadolu Agency | English",https://news.google.com/rss/articles/CBMiaGh0dHBzOi8vd3d3LmFhLmNvbS50ci9lbi9ldXJvcGUvY2l2aWxpYW5zLXBheWluZy1wcmljZS1mb3Itd2FyLWluLWdhemEtc2F5cy1icmF6aWxpYW4tcHJlc2lkZW50LS8zMDczMTQy0gEA?oc=5,"Mon, 04 Dec 2023 20:02:27 GMT"
Washington congressman's Bellevue home vandalized over Israel-Palestinian conflict - The Center Square,https://news.google.com/rss/articles/CBMiXGh0dHBzOi8vd3d3LnRoZWNlbnRlcnNxdWFyZS5jb20vd2FzaGluZ3Rvbi9hcnRpY2xlXzY5ZGIyNmRjLTkwOGMtMTFlZS1hY2NlLWU3NTAwYTg0ZDNkNi5odG1s0gFgaHR0cHM6Ly93d3cudGhlY2VudGVyc3F1YXJlLmNvbS93YXNoaW5ndG9uL2FydGljbGVfNjlkYjI2ZGMtOTA4Yy0xMWVlLWFjY2UtZTc1MDBhODRkM2Q2LmFtcC5odG1s?oc=5,"Fri, 01 Dec 2023 20:58:00 GMT"
Faculty member’s book about life amid Israeli-Palestinian conflict ... - Pennsylvania State University,https://news.google.com/rss/articles/CBMiemh0dHBzOi8vd3d3LnBzdS5lZHUvbmV3cy9iZWxsaXNhcmlvLWNvbGxlZ2UtY29tbXVuaWNhdGlvbnMvc3RvcnkvZmFjdWx0eS1tZW1iZXJzLWJvb2stYWJvdXQtbGlmZS1hbWlkLWlzcmFlbGktcGFsZXN0aW5pYW4v0gEA?oc=5,"Mon, 20 Nov 2023 22:03:20 GMT"
Why Israel wants to erase context and history in the war on Gaza - Al Jazeera English,https://news.google.com/rss/articles/CBMibWh0dHBzOi8vd3d3LmFsamF6ZWVyYS5jb20vb3BpbmlvbnMvMjAyMy8xMS81L3doeS1pc3JhZWwtd2FudHMtdG8tZXJhc2UtY29udGV4dC1hbmQtaGlzdG9yeS1pbi10aGUtd2FyLW9uLWdhemHSAXFodHRwczovL3d3dy5hbGphemVlcmEuY29tL2FtcC9vcGluaW9ucy8yMDIzLzExLzUvd2h5LWlzcmFlbC13YW50cy10by1lcmFzZS1jb250ZXh0LWFuZC1oaXN0b3J5LWluLXRoZS13YXItb24tZ2F6YQ?oc=5,"Sun, 05 Nov 2023 07:00:00 GMT"
Guilt and principles create dilemma for West in Israeli-Palestinian ... - Arab News,https://news.google.com/rss/articles/CBMiJWh0dHBzOi8vd3d3LmFyYWJuZXdzLmNvbS9ub2RlLzI0MTY2NzbSASlodHRwczovL3d3dy5hcmFibmV3cy5jb20vbm9kZS8yNDE2Njc2L2FtcA?oc=5,"Tue, 28 Nov 2023 12:08:04 GMT"
Infographic: Violence Escalates in the Middle East in Response to ... - ReliefWeb,https://news.google.com/rss/articles/CBMimgFodHRwczovL3JlbGllZndlYi5pbnQvcmVwb3J0L29jY3VwaWVkLXBhbGVzdGluaWFuLXRlcnJpdG9yeS9pbmZvZ3JhcGhpYy12aW9sZW5jZS1lc2NhbGF0ZXMtbWlkZGxlLWVhc3QtcmVzcG9uc2UtaXNyYWVsLXBhbGVzdGluZS1jb25mbGljdC0yOS1ub3ZlbWJlci0yMDIz0gEA?oc=5,"Fri, 01 Dec 2023 13:52:29 GMT"
Sinking Into the Honey Trap: The Case of the Israeli–Palestinian ... - UCLA International Institute,https://news.google.com/rss/articles/CBMiOGh0dHBzOi8vd3d3LmludGVybmF0aW9uYWwudWNsYS5lZHUvaXNyYWVsL2FydGljbGUvMjcxNjEz0gEA?oc=5,"Sun, 12 Nov 2023 23:55:08 GMT"
Why Arab States Must Lead on Gaza - Foreign Affairs Magazine,https://news.google.com/rss/articles/CBMiSWh0dHBzOi8vd3d3LmZvcmVpZ25hZmZhaXJzLmNvbS9taWRkbGUtZWFzdC93aHktYXJhYi1zdGF0ZXMtbXVzdC1sZWFkLWdhemHSAQA?oc=5,"Mon, 04 Dec 2023 05:00:00 GMT"
"Kid Cudi Speaks Out on Israeli-Palestinian Conflict, Calls for Peace ... - BET",https://news.google.com/rss/articles/CBMiQGh0dHBzOi8vd3d3LmJldC5jb20vYXJ0aWNsZS9yOG9iaTYva2lkLWN1ZGktY2FsbHMtZ2F6YS1jZWFzZWZpcmXSAQA?oc=5,"Tue, 07 Nov 2023 08:00:00 GMT"
Author Nathan Thrall speaks about new book on Israeli-Palestinian ... - Daily Northwestern,https://news.google.com/rss/articles/CBMie2h0dHBzOi8vZGFpbHlub3J0aHdlc3Rlcm4uY29tLzIwMjMvMTEvMDcvY2FtcHVzL2F1dGhvci1uYXRoYW4tdGhyYWxsLXNwZWFrcy1hYm91dC1uZXctYm9vay1vbi1pc3JhZWxpLXBhbGVzdGluaWFuLWNvbmZsaWN0L9IBAA?oc=5,"Tue, 07 Nov 2023 08:00:00 GMT"
EXPLAINER-What's the Israel-Palestinian conflict about and how did ... - Yahoo Finance,https://news.google.com/rss/articles/CBMiWWh0dHBzOi8vZmluYW5jZS55YWhvby5jb20vbmV3cy9leHBsYWluZXItd2hhdHMtaXNyYWVsLXBhbGVzdGluaWFuLWNvbmZsaWN0LTExNDE1Njk5MS5odG1s0gEA?oc=5,"Mon, 06 Nov 2023 08:00:00 GMT"
EU pushes for two-state solution to Israeli-Palestinian conflict but ... - The Arab Weekly,https://news.google.com/rss/articles/CBMiZmh0dHBzOi8vdGhlYXJhYndlZWtseS5jb20vZXUtcHVzaGVzLXR3by1zdGF0ZS1zb2x1dGlvbi1pc3JhZWxpLXBhbGVzdGluaWFuLWNvbmZsaWN0LWNhbGxzLXBhLWVsZWN0aW9uc9IBAA?oc=5,"Tue, 28 Nov 2023 08:54:30 GMT"
How Arab world's role evolved in the Israeli-Palestinian conflict - The Business Standard,https://news.google.com/rss/articles/CBMiamh0dHBzOi8vd3d3LnRic25ld3MubmV0L2ZlYXR1cmVzL3Bhbm9yYW1hL2hvdy1hcmFiLXdvcmxkcy1yb2xlLWV2b2x2ZWQtaXNyYWVsaS1wYWxlc3Rpbmlhbi1jb25mbGljdC03MzcwNzjSAQA?oc=5,"Sat, 11 Nov 2023 03:18:17 GMT"
Pope Francis praises truce in Israeli-Palestinian conflict - Prensa Latina,https://news.google.com/rss/articles/CBMiZWh0dHBzOi8vd3d3LnBsZW5nbGlzaC5jb20vbmV3cy8yMDIzLzExLzI2L3BvcGUtZnJhbmNpcy1wcmFpc2VzLXRydWNlLWluLWlzcmFlbGktcGFsZXN0aW5pYW4tY29uZmxpY3Qv0gEA?oc=5,"Sun, 26 Nov 2023 14:18:27 GMT"
"Tom Cruise supports controversial agent amid Israeli-Palestinian conflict, and Hollywood is burning - Marca",https://news.google.com/rss/articles/CBMiV2h0dHBzOi8vd3d3Lm1hcmNhLmNvbS9lbi9saWZlc3R5bGUvY2VsZWJyaXRpZXMvMjAyMy8xMS8yMi82NTVkNGE5NjI2OGUzZWQ4MGU4YjQ2MjEuaHRtbNIBV2h0dHBzOi8vYW1wLm1hcmNhLmNvbS9lbi9saWZlc3R5bGUvY2VsZWJyaXRpZXMvMjAyMy8xMS8yMi82NTVkNGE5NjI2OGUzZWQ4MGU4YjQ2MjEuaHRtbA?oc=5,"Tue, 21 Nov 2023 08:00:00 GMT"
US ‘slight change’ in attitude on Palestine-Israel conflict due to rising ... - Global Times,https://news.google.com/rss/articles/CBMiNGh0dHBzOi8vd3d3Lmdsb2JhbHRpbWVzLmNuL3BhZ2UvMjAyMzExLzEzMDEyNDUuc2h0bWzSAQA?oc=5,"Sun, 05 Nov 2023 07:00:00 GMT"
Qatar calls for international probe into ‘Israeli crimes’ in Gaza - Al Jazeera English,https://news.google.com/rss/articles/CBMiaGh0dHBzOi8vd3d3LmFsamF6ZWVyYS5jb20vbmV3cy8yMDIzLzEyLzMvcWF0YXItY2FsbHMtZm9yLWludGVybmF0aW9uYWwtcHJvYmUtaW50by1pc3JhZWxpLWNyaW1lcy1pbi1nYXph0gFsaHR0cHM6Ly93d3cuYWxqYXplZXJhLmNvbS9hbXAvbmV3cy8yMDIzLzEyLzMvcWF0YXItY2FsbHMtZm9yLWludGVybmF0aW9uYWwtcHJvYmUtaW50by1pc3JhZWxpLWNyaW1lcy1pbi1nYXph?oc=5,"Sun, 03 Dec 2023 18:41:51 GMT"
Soros donations to anti-Israel groups unsurprising and 'shameful ... - JNS.org,https://news.google.com/rss/articles/CBMiX2h0dHBzOi8vd3d3Lmpucy5vcmcvc29yb3MtZG9uYXRpb25zLXRvLWFudGktaXNyYWVsLWdyb3Vwcy11bnN1cnByaXNpbmctYW5kLXNoYW1lZnVsLXNheXMtZXJkYW4v0gEA?oc=5,"Mon, 04 Dec 2023 21:34:58 GMT"
War jeopardizes Japan student group's exchanges between Israeli ... - The Mainichi,https://news.google.com/rss/articles/CBMiQWh0dHBzOi8vbWFpbmljaGkuanAvZW5nbGlzaC9hcnRpY2xlcy8yMDIzMTIwNC9wMmEvMDBtLzBuYS8wMTYwMDBj0gEA?oc=5,"Mon, 04 Dec 2023 07:55:21 GMT"
Israel pulls Mossad negotiators from Qatar after ‘impasse’ over captives - Al Jazeera English,https://news.google.com/rss/articles/CBMib2h0dHBzOi8vd3d3LmFsamF6ZWVyYS5jb20vbmV3cy8yMDIzLzEyLzIvaXNyYWVsLXB1bGxzLW1vc3NhZC1uZWdvdGlhdG9ycy1mcm9tLXFhdGFyLWFmdGVyLWltcGFzc2Utb3Zlci1jYXB0aXZlc9IBc2h0dHBzOi8vd3d3LmFsamF6ZWVyYS5jb20vYW1wL25ld3MvMjAyMy8xMi8yL2lzcmFlbC1wdWxscy1tb3NzYWQtbmVnb3RpYXRvcnMtZnJvbS1xYXRhci1hZnRlci1pbXBhc3NlLW92ZXItY2FwdGl2ZXM?oc=5,"Sat, 02 Dec 2023 18:09:55 GMT"
