Type,Content,content_cleaned,content_segmented,content_processed
h2,目录,目录,目录,目录
h1,巴以冲突,巴以冲突,巴 以 冲突,巴 以 冲突
p,进行中,进行中,进行 中,进行 中
p,巴勒斯坦,巴勒斯坦,巴勒斯坦,巴勒斯坦
p,以色列-巴勒斯坦冲突是自1948年持续至今的冲突，与阿以冲突及中东战争密切相关。自约两千年前犹太人被罗马帝国逐出故土后，许多流亡的犹太人一直试图返回耶路撒冷及以色列地。第一次世界大战后，英国占领巴勒斯坦地区，建立巴勒斯坦托管地。英国在1917年的《贝尔福宣言》中承诺在阿拉伯人口占90%的巴勒斯坦地区帮助犹太人建立民族家园，这导致该地犹太人与阿拉伯人之间的冲突加剧，后演变成公开的民族冲突。二战期间纳粹大屠杀又加速了犹太人移居此地区。1947年11月，57个联合国成员国投票通过联合国大会第181号决议，将巴勒斯坦托管地分割为两个国家。议案以33票赞成、13票反对通过；美国、苏联及西欧国家投下赞成票，英国弃权，印度、阿拉伯国家反对议案。该决议通过后，第一次中东战争爆发。,以色列巴勒斯坦冲突是自年持续至今的冲突与阿以冲突及中东战争密切相关自约两千年前犹太人被罗马帝国逐出故土后许多流亡的犹太人一直试图返回耶路撒冷及以色列地第一次世界大战后英国占领巴勒斯坦地区建立巴勒斯坦托管地英国在年的贝尔福宣言中承诺在阿拉伯人口占的巴勒斯坦地区帮助犹太人建立民族家园这导致该地犹太人与阿拉伯人之间的冲突加剧后演变成公开的民族冲突二战期间纳粹大屠杀又加速了犹太人移居此地区年月个联合国成员国投票通过联合国大会第号决议将巴勒斯坦托管地分割为两个国家议案以票赞成票反对通过美国苏联及西欧国家投下赞成票英国弃权印度阿拉伯国家反对议案该决议通过后第一次中东战争爆发,以色列 巴勒斯坦 冲突 是 自年 持续 至今 的 冲突 与 阿以 冲突 及 中东战争 密切相关 自 约 两千年 前 犹太人 被 罗马帝国 逐出 故土 后 许多 流亡 的 犹太人 一直 试图 返回 耶路撒冷 及 以色列 地 第一次世界大战 后 英国 占领 巴勒斯坦地区 建立 巴勒斯坦 托管地 英国 在 年 的 贝尔福 宣言 中 承诺 在 阿拉伯 人口 占 的 巴勒斯坦地区 帮助 犹太人 建立 民族 家园 这 导致 该地 犹太人 与 阿拉伯人 之间 的 冲突 加剧 后 演变成 公开 的 民族 冲突 二战 期间 纳粹 大屠杀 又 加速 了 犹太人 移居 此 地区 年 月 个 联合国 成员国 投票 通过 联合国大会 第 号 决议 将 巴勒斯坦 托管地 分割 为 两个 国家 议案 以票 赞成票 反对 通过 美国 苏联 及 西欧国家 投 下 赞成票 英国 弃权 印度 阿拉伯 国家 反对 议案 该 决议 通过 后 第一次 中东战争 爆发,以色列 巴勒斯坦 冲突 自年 持续 至今 冲突 与 阿以 冲突 及 中东战争 密切相关 自 约 两千年 前 犹太人 被 罗马帝国 逐出 故土 后 许多 流亡 犹太人 一直 试图 返回 耶路撒冷 及 以色列 地 第一次世界大战 后 英国 占领 巴勒斯坦地区 建立 巴勒斯坦 托管地 英国 年 贝尔福 宣言 中 承诺 阿拉伯 人口 占 巴勒斯坦地区 帮助 犹太人 建立 民族 家园 导致 该地 犹太人 与 阿拉伯人 之间 冲突 加剧 后 演变成 公开 民族 冲突 二战 期间 纳粹 大屠杀 又 加速 犹太人 移居 此 地区 年 月 个 联合国 成员国 投票 通过 联合国大会 第 号 决议 将 巴勒斯坦 托管地 分割 为 两个 国家 议案 以票 赞成票 反对 通过 美国 苏联 及 西欧国家 投 下 赞成票 英国 弃权 印度 阿拉伯 国家 反对 议案 该 决议 通过 后 第一次 中东战争 爆发
p,1990年代的《奥斯陆协议》试图促成两国方案。这份协议大致划定了耶路撒冷的地位、以色列定居点、边界、安全、水权、巴勒斯坦人的自由行动权（英语：Palestinian freedom of movement）和回归权（英语：Palestinian right of return）。在争端双方的族群里，有些个人和团体呼吁完全消灭对方，双方皆有主张对方并非真正的民族，故无权建国的论述。现时大多数国家均支持以两国方案解决巴以冲突[2]；亦有人支持一国方案，即建立一个包括现在的以色列、约旦河西岸及加沙地带在内、种族及宗教地位平等的世俗国家；此外有三国方案，即将约旦河西岸和加沙地带分别并入约旦和埃及。,年代的奥斯陆协议试图促成两国方案这份协议大致划定了耶路撒冷的地位以色列定居点边界安全水权巴勒斯坦人的自由行动权英语和回归权英语在争端双方的族群里有些个人和团体呼吁完全消灭对方双方皆有主张对方并非真正的民族故无权建国的论述现时大多数国家均支持以两国方案解决巴以冲突亦有人支持一国方案即建立一个包括现在的以色列约旦河西岸及加沙地带在内种族及宗教地位平等的世俗国家此外有三国方案即将约旦河西岸和加沙地带分别并入约旦和埃及,年代 的 奥斯陆 协议 试图 促成 两 国 方案 这份 协议 大致 划定 了 耶路撒冷 的 地位 以色列 定居点 边界 安全 水 权 巴勒斯坦人 的 自由行动 权 英语 和 回归 权 英语 在 争端 双方 的 族群 里 有些 个人 和 团体 呼吁 完全 消灭 对方 双方 皆 有 主张 对方 并非 真正 的 民族 故 无权 建国 的 论述 现时 大多数 国家 均 支持 以 两国 方案 解决 巴 以 冲突 亦 有人 支持 一国 方案 即 建立 一个 包括 现在 的 以色列 约旦河西岸 及 加沙 地带 在内 种族 及 宗教 地位 平等 的 世俗 国家 此外 有 三国 方案 即将 约旦河西岸 和 加沙 地带 分别 并入 约旦 和 埃及,年代 奥斯陆 协议 试图 促成 两 国 方案 这份 协议 大致 划定 耶路撒冷 地位 以色列 定居点 边界 安全 水 权 巴勒斯坦人 自由行动 权 英语 回归 权 英语 争端 双方 族群 里 有些 个人 团体 呼吁 完全 消灭 对方 双方 皆 主张 对方 并非 真正 民族 故 无权 建国 论述 现时 大多数 国家 均 支持 以 两国 方案 解决 巴 以 冲突 亦 有人 支持 一国 方案 即 建立 包括 现在 以色列 约旦河西岸 及 加沙 地带 在内 种族 及 宗教 地位 平等 世俗 国家 此外 三国 方案 即将 约旦河西岸 加沙 地带 分别 并入 约旦 埃及
h2,历史[编辑],历史编辑,历史 编辑,历史 编辑
h3,19世纪－1920：起源[编辑],世纪起源编辑,世纪 起源 编辑,世纪 起源 编辑
p,巴以冲突始于1880年代巴勒斯坦地区阿拉伯人与犹太人之间的冲突。自公元135年被罗马帝国驱逐出以色列地以来，许许多多流亡海外的犹太人一直试图返回故土，18世纪以后有数波小型的回归潮，从数百到上千人不等。第一次大规模的回归浪潮则始于1881年，散居在世界其他地区的犹太人为了逃避迫害，开始回流到以色列地，即古迦南之地或古犹太国之地，今巴勒斯坦地区。犹太人从奥斯曼帝国和阿拉伯人手中购买土地并定居。,巴以冲突始于年代巴勒斯坦地区阿拉伯人与犹太人之间的冲突自公元年被罗马帝国驱逐出以色列地以来许许多多流亡海外的犹太人一直试图返回故土世纪以后有数波小型的回归潮从数百到上千人不等第一次大规模的回归浪潮则始于年散居在世界其他地区的犹太人为了逃避迫害开始回流到以色列地即古迦南之地或古犹太国之地今巴勒斯坦地区犹太人从奥斯曼帝国和阿拉伯人手中购买土地并定居,巴 以 冲突 始于 年代 巴勒斯坦地区 阿拉伯人 与 犹太人 之间 的 冲突 自 公元 年 被 罗马帝国 驱逐 出 以色列 地 以来 许许多多 流亡海外 的 犹太人 一直 试图 返回 故土 世纪 以后 有数 波 小型 的 回归 潮 从 数百 到 上千人 不 等 第一次 大规模 的 回归 浪潮 则 始于 年 散居 在 世界 其他 地区 的 犹太人 为了 逃避 迫害 开始 回流 到 以色列 地即 古 迦南 之地 或 古 犹太国 之地 今 巴勒斯坦地区 犹太人 从 奥斯曼帝国 和 阿拉伯人 手中 购买 土地 并 定居,巴 以 冲突 始于 年代 巴勒斯坦地区 阿拉伯人 与 犹太人 之间 冲突 自 公元 年 被 罗马帝国 驱逐 出 以色列 地 以来 许许多多 流亡海外 犹太人 一直 试图 返回 故土 世纪 以后 有数 波 小型 回归 潮 从 数百 上千人 等 第一次 大规模 回归 浪潮 则 始于 年 散居 世界 其他 地区 犹太人 为了 逃避 迫害 开始 回流 以色列 地即 古 迦南 之地 或 古 犹太国 之地 今 巴勒斯坦地区 犹太人 从 奥斯曼帝国 阿拉伯人 手中 购买 土地 并 定居
p,1896年，维也纳记者和剧作家西奥多·赫茨尔发起锡安主义（又称“犹太复国主义”）运动，号召全世界犹太人回归故土，恢复本民族的生活方式。1897年8月29日在瑞士巴塞尔，他召集了第一届“世界锡安主义大会”，大会决议建立“一个得到公众承认的、有法律保障的家园（或国家）”[3]。“犹太国民基金”和“巴勒斯坦土地开发公司”等相应机构成立，帮助世界各地的犹太人移居巴勒斯坦。,年维也纳记者和剧作家西奥多赫茨尔发起锡安主义又称犹太复国主义运动号召全世界犹太人回归故土恢复本民族的生活方式年月日在瑞士巴塞尔他召集了第一届世界锡安主义大会大会决议建立一个得到公众承认的有法律保障的家园或国家犹太国民基金和巴勒斯坦土地开发公司等相应机构成立帮助世界各地的犹太人移居巴勒斯坦,年 维也纳 记者 和 剧作家 西奥多 赫茨尔 发起 锡安 主义 又称 犹太 复国主义 运动 号召 全世界 犹太人 回归 故土 恢复 本 民族 的 生活 方式 年月日 在 瑞士 巴塞尔 他 召集 了 第一届 世界 锡安 主义 大会 大会决议 建立 一个 得到 公众 承认 的 有 法律 保障 的 家园 或 国家 犹太 国民 基金 和 巴勒斯坦 土地 开发 公司 等 相应 机构 成立 帮助 世界各地 的 犹太人 移居 巴勒斯坦,年 维也纳 记者 剧作家 西奥多 赫茨尔 发起 锡安 主义 又称 犹太 复国主义 运动 号召 全世界 犹太人 回归 故土 恢复 本 民族 生活 方式 年月日 瑞士 巴塞尔 他 召集 第一届 世界 锡安 主义 大会 大会决议 建立 得到 公众 承认 法律 保障 家园 或 国家 犹太 国民 基金 巴勒斯坦 土地 开发 公司 等 相应 机构 成立 帮助 世界各地 犹太人 移居 巴勒斯坦
p,第一次世界大战中，奥斯曼帝国加入了同盟国，与包括英国在内的协约国为敌。1915至1916年间，时任英国驻埃及高级官员亨利·麦克马洪与汉志阿拉伯教长侯赛因进行了五次通信，达成了巴勒斯坦、叙利亚和伊拉克等地的阿拉伯领袖与协约国共同对奥斯曼作战的协议，而英国同意战后建立独立的阿拉伯国家以交换。1916年9月，英国与法国达成了战后分割奥斯曼中东各省的《赛克斯-皮科协定》[4]。,第一次世界大战中奥斯曼帝国加入了同盟国与包括英国在内的协约国为敌至年间时任英国驻埃及高级官员亨利麦克马洪与汉志阿拉伯教长侯赛因进行了五次通信达成了巴勒斯坦叙利亚和伊拉克等地的阿拉伯领袖与协约国共同对奥斯曼作战的协议而英国同意战后建立独立的阿拉伯国家以交换年月英国与法国达成了战后分割奥斯曼中东各省的赛克斯皮科协定,第一次世界大战 中 奥斯曼帝国 加入 了 同盟国 与 包括 英国 在内 的 协约国 为 敌至 年间 时任 英国 驻 埃及 高级官员 亨利 麦克马洪 与 汉志 阿拉伯 教长 侯赛因 进行 了 五次 通信 达成 了 巴勒斯坦 叙利亚 和 伊拉克 等 地 的 阿拉伯 领袖 与 协约国 共同 对 奥斯曼 作战 的 协议 而 英国 同意 战后 建立 独立 的 阿拉伯 国家 以 交换 年 月 英国 与 法国 达成 了 战后 分割 奥斯曼 中东 各省 的 赛克斯 皮科 协定,第一次世界大战 中 奥斯曼帝国 加入 同盟国 与 包括 英国 在内 协约国 为 敌至 年间 时任 英国 驻 埃及 高级官员 亨利 麦克马洪 与 汉志 阿拉伯 教长 侯赛因 进行 五次 通信 达成 巴勒斯坦 叙利亚 伊拉克 等 地 阿拉伯 领袖 与 协约国 共同 对 奥斯曼 作战 协议 而 英国 同意 战后 建立 独立 阿拉伯 国家 以 交换 年 月 英国 与 法国 达成 战后 分割 奥斯曼 中东 各省 赛克斯 皮科 协定
p,锡安主义运动的发展推动了第二次回归的浪潮（1904-1914年），约有四万名犹太人返回定居。1917年，英国外交大臣阿瑟·贝尔福发表《贝尔福宣言》：“英王陛下政府赞成在巴勒斯坦建立一个犹太人的民族家园，并将尽最大努力促其实现”。当时，犹太人在巴勒斯坦地区除老依舒夫（英语：Old Yishuv）外只拥有少量土地。,锡安主义运动的发展推动了第二次回归的浪潮年约有四万名犹太人返回定居年英国外交大臣阿瑟贝尔福发表贝尔福宣言英王陛下政府赞成在巴勒斯坦建立一个犹太人的民族家园并将尽最大努力促其实现当时犹太人在巴勒斯坦地区除老依舒夫英语外只拥有少量土地,锡安 主义 运动 的 发展 推动 了 第二次 回归 的 浪潮 年 约 有 四万名 犹太人 返回 定居 年 英国 外交大臣 阿瑟 贝尔福 发表 贝尔福 宣言 英王 陛下 政府 赞成 在 巴勒斯坦 建立 一个 犹太人 的 民族 家园 并 将 尽 最大 努力 促其 实现 当时 犹太人 在 巴勒斯坦地区 除 老 依舒夫 英语 外 只 拥有 少量 土地,锡安 主义 运动 发展 推动 第二次 回归 浪潮 年 约 四万名 犹太人 返回 定居 年 英国 外交大臣 阿瑟 贝尔福 发表 贝尔福 宣言 英王 陛下 政府 赞成 巴勒斯坦 建立 犹太人 民族 家园 并 将 尽 最大 努力 促其 实现 当时 犹太人 巴勒斯坦地区 除 老 依舒夫 英语 外 只 拥有 少量 土地
p,1919年1月，哈伊姆·魏茨曼与伊拉克国王费萨尔一世签署了《费萨尔-魏茨曼协定（英语：Faisal–Weizmann agreement）》，费萨尔在协定中接受《贝尔福宣言》，但条件是英国必须遵守此前关于阿拉伯国家独立的承诺[5]。,年月哈伊姆魏茨曼与伊拉克国王费萨尔一世签署了费萨尔魏茨曼协定英语费萨尔在协定中接受贝尔福宣言但条件是英国必须遵守此前关于阿拉伯国家独立的承诺,年 月 哈伊 姆 魏茨 曼 与 伊拉克 国王 费萨尔 一世 签署 了 费萨尔 魏茨 曼 协定 英语 费萨尔 在 协定 中 接受 贝尔福 宣言 但 条件 是 英国 必须 遵守 此前 关于 阿拉伯 国家 独立 的 承诺,年 月 哈伊 姆 魏茨 曼 与 伊拉克 国王 费萨尔 一世 签署 费萨尔 魏茨 曼 协定 英语 费萨尔 协定 中 接受 贝尔福 宣言 但 条件 英国 必须 遵守 此前 关于 阿拉伯 国家 独立 承诺
h3,1920－1948：英属巴勒斯坦托管地[编辑],英属巴勒斯坦托管地编辑,英 属 巴勒斯坦 托管地 编辑,英 属 巴勒斯坦 托管地 编辑
p,"一战中，1915年，在丘吉尔的主导下，英法军队对奥斯曼帝国发动了加里波利之战，遭遇惨败。随后英国军官阿拉伯的劳伦斯组织当地以贝都因人部落为主的军事力量与奥斯曼帝国作战，有效削弱了奥斯曼帝国的势力。1918年一战结束后，奥斯曼帝国完全退出此地区并于1923年瓦解，而阿拉伯部落之间纷争不断，最后默认由英国占领。1920年，国际联盟委托英国管辖巴勒斯坦地区，包含今约旦、巴以地区。1922年英国将托管地划分为两部分：约旦河东部（现约旦）由哈希姆家族实际管理，约旦河西部由英国控制，此时这些地区犹太人占总人口的11%，与阿拉伯人混居。第一次世界大战后，犹太人掀起了第三和第四次回归浪潮。1931年，犹太人占当地总人口的17%。接着在1933年，纳粹党在德国执政，掀起第五次犹太人回归浪潮。1936年巴勒斯坦阿拉伯人大起义后，英国的皮尔委员会在1937年首次提议将巴勒斯坦地区划分为犹太国和阿拉伯国。1940年，犹太人已占当地居民总数的30%。随着犹太居民比例从1922年的11%增涨至1940年的30%，犹太人与阿拉伯人之间的关系也日趋紧张。对此英国在1939年颁布了一份白皮书，规定1939年后的5年内犹太人可再移民75,000人，此后不再接受犹太移民。许多犹太人和锡安主义者视这份白皮书为对犹太人的背叛，认为此举违背了《贝尔福宣言》，亦有犹太人持不同意见。阿拉伯人的抗议活动并没有就此平息，他们希望托管地政府完全停止准许犹太人移居当地。",一战中年在丘吉尔的主导下英法军队对奥斯曼帝国发动了加里波利之战遭遇惨败随后英国军官阿拉伯的劳伦斯组织当地以贝都因人部落为主的军事力量与奥斯曼帝国作战有效削弱了奥斯曼帝国的势力年一战结束后奥斯曼帝国完全退出此地区并于年瓦解而阿拉伯部落之间纷争不断最后默认由英国占领年国际联盟委托英国管辖巴勒斯坦地区包含今约旦巴以地区年英国将托管地划分为两部分约旦河东部现约旦由哈希姆家族实际管理约旦河西部由英国控制此时这些地区犹太人占总人口的与阿拉伯人混居第一次世界大战后犹太人掀起了第三和第四次回归浪潮年犹太人占当地总人口的接着在年纳粹党在德国执政掀起第五次犹太人回归浪潮年巴勒斯坦阿拉伯人大起义后英国的皮尔委员会在年首次提议将巴勒斯坦地区划分为犹太国和阿拉伯国年犹太人已占当地居民总数的随着犹太居民比例从年的增涨至年的犹太人与阿拉伯人之间的关系也日趋紧张对此英国在年颁布了一份白皮书规定年后的年内犹太人可再移民人此后不再接受犹太移民许多犹太人和锡安主义者视这份白皮书为对犹太人的背叛认为此举违背了贝尔福宣言亦有犹太人持不同意见阿拉伯人的抗议活动并没有就此平息他们希望托管地政府完全停止准许犹太人移居当地,一战 中年 在 丘吉尔 的 主导 下 英法军 队 对 奥斯曼帝国 发动 了 加里 波利 之战 遭遇 惨败 随后 英国 军官 阿拉伯 的 劳伦斯 组织 当地 以贝 都 因人 部落 为主 的 军事力量 与 奥斯曼帝国 作战 有效 削弱 了 奥斯曼帝国 的 势力 年 一战 结束 后 奥斯曼帝国 完全 退出 此 地区 并于 年 瓦解 而 阿拉伯 部落 之间 纷争 不断 最后 默认 由 英国 占领 年 国际联盟 委托 英国 管辖 巴勒斯坦地区 包含 今 约旦 巴 以 地区 年 英国 将 托管地 划分 为 两 部分 约旦河 东部 现 约旦 由 哈希姆 家族 实际 管理 约旦河 西部 由 英国 控制 此时 这些 地区 犹太人 占 总人口 的 与 阿拉伯人 混居 第一次世界大战 后 犹太人 掀起 了 第三 和 第四次 回归 浪潮 年 犹太人 占 当地 总人口 的 接着 在 年 纳粹党 在 德国 执政 掀起 第五次 犹太人 回归 浪潮 年 巴勒斯坦 阿拉伯人 大 起义 后 英国 的 皮尔 委员会 在 年 首次 提议 将 巴勒斯坦地区 划分 为 犹太国 和 阿拉伯国 年 犹太人 已 占 当地 居民 总数 的 随着 犹太 居民 比例 从 年 的 增涨 至 年 的 犹太人 与 阿拉伯人 之间 的 关系 也 日趋 紧张 对此 英国 在 年 颁布 了 一份 白皮书 规定 年 后 的 年内 犹太人 可 再 移民 人 此后 不再 接受 犹太 移民 许多 犹太人 和 锡安 主义者 视 这份 白皮书 为 对 犹太人 的 背叛 认为 此举 违背 了 贝尔福 宣言 亦 有 犹太人 持 不同 意见 阿拉伯人 的 抗议 活动 并 没有 就此 平息 他们 希望 托管地 政府 完全 停止 准许 犹太人 移居 当地,一战 中年 丘吉尔 主导 下 英法军 队 对 奥斯曼帝国 发动 加里 波利 之战 遭遇 惨败 随后 英国 军官 阿拉伯 劳伦斯 组织 当地 以贝 因人 部落 为主 军事力量 与 奥斯曼帝国 作战 有效 削弱 奥斯曼帝国 势力 年 一战 结束 后 奥斯曼帝国 完全 退出 此 地区 并于 年 瓦解 而 阿拉伯 部落 之间 纷争 不断 最后 默认 由 英国 占领 年 国际联盟 委托 英国 管辖 巴勒斯坦地区 包含 今 约旦 巴 以 地区 年 英国 将 托管地 划分 为 两 部分 约旦河 东部 现 约旦 由 哈希姆 家族 实际 管理 约旦河 西部 由 英国 控制 此时 这些 地区 犹太人 占 总人口 与 阿拉伯人 混居 第一次世界大战 后 犹太人 掀起 第三 第四次 回归 浪潮 年 犹太人 占 当地 总人口 接着 年 纳粹党 德国 执政 掀起 第五次 犹太人 回归 浪潮 年 巴勒斯坦 阿拉伯人 大 起义 后 英国 皮尔 委员会 年 首次 提议 将 巴勒斯坦地区 划分 为 犹太国 阿拉伯国 年 犹太人 已 占 当地 居民 总数 随着 犹太 居民 比例 从 年 增涨 至 年 犹太人 与 阿拉伯人 之间 关系 日趋 紧张 对此 英国 年 颁布 一份 白皮书 规定 年 后 年内 犹太人 可 再 移民 此后 不再 接受 犹太 移民 许多 犹太人 锡安 主义者 视 这份 白皮书 为 对 犹太人 背叛 认为 此举 违背 贝尔福 宣言 亦 犹太人 持 不同 意见 阿拉伯人 抗议 活动 并 就此 平息 他们 希望 托管地 政府 完全 停止 准许 犹太人 移居 当地
p,二战中的犹太人大屠杀进一步推动了犹太人的回归，犹太人复国的理念也越来越强烈。1944至1948年之间，约20万犹太人通过各种途径辗转来到巴勒斯坦地区。第二次世界大战结束后，巴勒斯坦地区已经有60万犹太居民[6]，占当地总人口约1/3。1947年，犹太人已拥有该地区7.4%的土地。此时，该地区的土地11.6%为巴勒斯坦阿拉伯人所有，6.9%为外籍人士所有，70.6%仍为托管地政府所有。[7],二战中的犹太人大屠杀进一步推动了犹太人的回归犹太人复国的理念也越来越强烈至年之间约万犹太人通过各种途径辗转来到巴勒斯坦地区第二次世界大战结束后巴勒斯坦地区已经有万犹太居民占当地总人口约年犹太人已拥有该地区的土地此时该地区的土地为巴勒斯坦阿拉伯人所有为外籍人士所有仍为托管地政府所有,二战 中 的 犹太人 大屠杀 进一步 推动 了 犹太人 的 回归 犹太人 复国 的 理念 也 越来越 强烈 至 年 之间 约 万 犹太人 通过 各种 途径 辗转 来到 巴勒斯坦地区 第二次世界大战 结束 后 巴勒斯坦地区 已经 有 万 犹太 居民 占 当地 总人口 约 年 犹太人 已 拥有 该 地区 的 土地 此时 该 地区 的 土地 为 巴勒斯坦 阿拉伯人 所有 为 外籍人士 所有 仍为 托管地 政府 所有,二战 中 犹太人 大屠杀 进一步 推动 犹太人 回归 犹太人 复国 理念 越来越 强烈 至 年 之间 约 万 犹太人 通过 各种 途径 辗转 来到 巴勒斯坦地区 第二次世界大战 结束 后 巴勒斯坦地区 已经 万 犹太 居民 占 当地 总人口 约 年 犹太人 已 拥有 该 地区 土地 此时 该 地区 土地 为 巴勒斯坦 阿拉伯人 所有 为 外籍人士 所有 仍为 托管地 政府 所有
p,1947年，鉴于犹太人与阿拉伯人之间的暴力冲突不断升级，和平努力受到挫败，英国政府决定从巴勒斯坦托管地脱身[8]。联合国成立了“巴勒斯坦专门委员会”。1947年11月联合国大会表决了第181号决议，33国赞成（包括美国和苏联），13国反对，10国弃权（包括英国），通过决议：将巴勒斯坦地区分划为两个国家，犹太人和阿拉伯人分别获得大约55%和45%的领土，联合国计划将耶路撒冷置于国际管理之下，以期避免冲突。分治方案在已开发领土上大致采取照顾传统聚居点、按人口比例均分的原则，结果划出多块相互交错的领土；考虑到未来大量犹太难民的迁入，以及犹太国将有的阿拉伯裔公民，将南部人烟稀少的沙漠地区内盖夫划入犹太国，故犹太人以1/3的人口获得了55%的领土。联大决议使当时拥有巴勒斯坦地区7.4%的土地、占该地区人口1/3的犹太人得到该地区56%的土地（约1.52万平方公里），而拥有该地区11.6%的土地、占该地区人口2/3的巴勒斯坦阿拉伯人则得到43%的土地（约1.15万平方公里）。[7]大卫·本-古里安在联合国通过分划方案的当日接受了该方案，但阿拉伯国家联盟认为“联合国无权插手当地事务”而不予接受，而托管国英国则在对决议表决时弃权。,年鉴于犹太人与阿拉伯人之间的暴力冲突不断升级和平努力受到挫败英国政府决定从巴勒斯坦托管地脱身联合国成立了巴勒斯坦专门委员会年月联合国大会表决了第号决议国赞成包括美国和苏联国反对国弃权包括英国通过决议将巴勒斯坦地区分划为两个国家犹太人和阿拉伯人分别获得大约和的领土联合国计划将耶路撒冷置于国际管理之下以期避免冲突分治方案在已开发领土上大致采取照顾传统聚居点按人口比例均分的原则结果划出多块相互交错的领土考虑到未来大量犹太难民的迁入以及犹太国将有的阿拉伯裔公民将南部人烟稀少的沙漠地区内盖夫划入犹太国故犹太人以的人口获得了的领土联大决议使当时拥有巴勒斯坦地区的土地占该地区人口的犹太人得到该地区的土地约万平方公里而拥有该地区的土地占该地区人口的巴勒斯坦阿拉伯人则得到的土地约万平方公里大卫本古里安在联合国通过分划方案的当日接受了该方案但阿拉伯国家联盟认为联合国无权插手当地事务而不予接受而托管国英国则在对决议表决时弃权,年 鉴于 犹太人 与 阿拉伯人 之间 的 暴力 冲突 不断 升级 和平 努力 受到 挫败 英国政府 决定 从 巴勒斯坦 托管地 脱身 联合国 成立 了 巴勒斯坦 专门 委员会 年 月 联合国大会 表决 了 第号 决议 国 赞成 包括 美国 和 苏联 国 反对 国 弃权 包括 英国 通过 决议 将 巴勒斯坦地区 分划 为 两个 国家 犹太人 和 阿拉伯人 分别 获得 大约 和 的 领土 联合国 计划 将 耶路撒冷 置于 国际 管理 之下 以期 避免 冲突 分治 方案 在 已 开发 领土 上 大致 采取 照顾 传统 聚居点 按 人口比例 均分 的 原则 结果 划出 多块 相互 交错 的 领土 考虑 到 未来 大量 犹太 难民 的 迁入 以及 犹太国 将 有 的 阿拉伯 裔 公民 将 南部 人烟稀少 的 沙漠 地区 内盖夫 划入 犹太国 故 犹太人 以 的 人口 获得 了 的 领土 联大 决议 使 当时 拥有 巴勒斯坦地区 的 土地 占该 地区 人口 的 犹太人 得到 该 地区 的 土地 约 万平方公里 而 拥有 该 地区 的 土地 占该 地区 人口 的 巴勒斯坦 阿拉伯人 则 得到 的 土地 约 万平方公里 大卫 本 古里安 在 联合国 通过 分划 方案 的 当日 接受 了 该 方案 但 阿拉伯国家联盟 认为 联合国 无权 插手 当地 事务 而 不予 接受 而 托管国 英国 则 在 对 决议 表决 时 弃权,年 鉴于 犹太人 与 阿拉伯人 之间 暴力 冲突 不断 升级 和平 努力 受到 挫败 英国政府 决定 从 巴勒斯坦 托管地 脱身 联合国 成立 巴勒斯坦 专门 委员会 年 月 联合国大会 表决 第号 决议 国 赞成 包括 美国 苏联 国 反对 国 弃权 包括 英国 通过 决议 将 巴勒斯坦地区 分划 为 两个 国家 犹太人 阿拉伯人 分别 获得 大约 领土 联合国 计划 将 耶路撒冷 置于 国际 管理 之下 以期 避免 冲突 分治 方案 已 开发 领土 大致 采取 照顾 传统 聚居点 按 人口比例 均分 原则 结果 划出 多块 相互 交错 领土 考虑 未来 大量 犹太 难民 迁入 以及 犹太国 将 阿拉伯 裔 公民 将 南部 人烟稀少 沙漠 地区 内盖夫 划入 犹太国 故 犹太人 以 人口 获得 领土 联大 决议 使 当时 拥有 巴勒斯坦地区 土地 占该 地区 人口 犹太人 得到 该 地区 土地 约 万平方公里 而 拥有 该 地区 土地 占该 地区 人口 巴勒斯坦 阿拉伯人 则 得到 土地 约 万平方公里 大卫 本 古里安 联合国 通过 分划 方案 当日 接受 该 方案 但 阿拉伯国家联盟 认为 联合国 无权 插手 当地 事务 而 不予 接受 而 托管国 英国 则 对 决议 表决 时 弃权
p,1948年5月14日，即英国的托管期最后一日，以色列国正式宣布成立，同时宣布在1947年分治方案划归它的领土内建立以色列国。阿拉伯裔与犹太裔居民之间当即爆发剧烈的敌对行动[9]。,年月日即英国的托管期最后一日以色列国正式宣布成立同时宣布在年分治方案划归它的领土内建立以色列国阿拉伯裔与犹太裔居民之间当即爆发剧烈的敌对行动,年月日 即 英国 的 托管期 最后 一日 以色列国 正式 宣布 成立 同时 宣布 在 年 分治 方案 划归 它 的 领土 内 建立 以色列国 阿拉伯 裔 与 犹太裔 居民 之间 当即 爆发 剧烈 的 敌对行动,年月日 即 英国 托管期 最后 一日 以色列国 正式 宣布 成立 同时 宣布 年 分治 方案 划归 它 领土 内 建立 以色列国 阿拉伯 裔 与 犹太裔 居民 之间 当即 爆发 剧烈 敌对行动
p,以色列在1949年5月11日加入联合国，成为联合国成员国，以保障其在国际上能够获得广泛承认的国家地位。,以色列在年月日加入联合国成为联合国成员国以保障其在国际上能够获得广泛承认的国家地位,以色列 在 年月日 加入 联合国 成为 联合国 成员国 以 保障 其 在 国际 上 能够 获得 广泛 承认 的 国家 地位,以色列 年月日 加入 联合国 成为 联合国 成员国 以 保障 其 国际 能够 获得 广泛 承认 国家 地位
h3,1948－1993：中东战争[编辑],中东战争编辑,中东战争 编辑,中东战争 编辑
p,在以色列建国之后，由埃及、伊拉克、约旦、叙利亚、黎巴嫩等国组成的阿拉伯联军向以色列发起攻击，引发了以色列独立战争，又称第一次中东战争。北边的叙利亚、黎巴嫩和伊拉克军队都在接近边界的地方被阻挡下来，来自东方的约旦军队则攻下耶路撒冷的东部，并且对城市的西部展开攻击。不过，犹太人的民兵部队成功的阻挡了约旦军队，而地下的国民军组织部队伊尔贡也阻止了来自南方的埃及军队。从6月开始，联合国宣布了一个月的停火令，在这段期间里以色列国防军正式成立。在数个月的战斗后，双方在1949年达成一则停火协议并划定暂时的边界，这条边界线称为“绿线”。以色列在约旦河西岸获得了额外的23.5%的管辖领域[10]，约旦则占有以色列南部一块山地区域和撒马利亚，后来合称为西岸地区。埃及在沿海地区占有一小块的土地，后则称加沙地带。,在以色列建国之后由埃及伊拉克约旦叙利亚黎巴嫩等国组成的阿拉伯联军向以色列发起攻击引发了以色列独立战争又称第一次中东战争北边的叙利亚黎巴嫩和伊拉克军队都在接近边界的地方被阻挡下来来自东方的约旦军队则攻下耶路撒冷的东部并且对城市的西部展开攻击不过犹太人的民兵部队成功的阻挡了约旦军队而地下的国民军组织部队伊尔贡也阻止了来自南方的埃及军队从月开始联合国宣布了一个月的停火令在这段期间里以色列国防军正式成立在数个月的战斗后双方在年达成一则停火协议并划定暂时的边界这条边界线称为绿线以色列在约旦河西岸获得了额外的的管辖领域约旦则占有以色列南部一块山地区域和撒马利亚后来合称为西岸地区埃及在沿海地区占有一小块的土地后则称加沙地带,在 以色列 建国 之后 由 埃及 伊拉克 约旦 叙利亚 黎巴嫩 等国 组成 的 阿拉伯 联军 向 以色列 发起 攻击 引发 了 以色列 独立战争 又称 第一次 中东战争 北边 的 叙利亚 黎巴嫩 和 伊拉克 军队 都 在 接近 边界 的 地方 被 阻挡 下来 来自 东方 的 约旦 军队 则 攻下 耶路撒冷 的 东部 并且 对 城市 的 西部 展开 攻击 不过 犹太人 的 民兵 部队 成功 的 阻挡 了 约旦 军队 而 地下 的 国民军 组织 部队 伊尔 贡 也 阻止 了 来自 南方 的 埃及 军队 从 月 开始 联合国 宣布 了 一个月 的 停火 令 在 这段 期间 里 以色列国防军 正式 成立 在 数个 月 的 战斗 后 双方 在 年 达成 一则 停火协议 并 划定 暂时 的 边界 这 条 边界线 称为 绿线 以色列 在 约旦河西岸 获得 了 额外 的 的 管辖 领域 约旦 则 占有 以色列 南部 一块 山地 区域 和 撒 马利亚 后来 合 称为 西岸地区 埃及 在 沿海地区 占有 一小块 的 土地 后 则 称 加沙 地带,以色列 建国 之后 由 埃及 伊拉克 约旦 叙利亚 黎巴嫩 等国 组成 阿拉伯 联军 向 以色列 发起 攻击 引发 以色列 独立战争 又称 第一次 中东战争 北边 叙利亚 黎巴嫩 伊拉克 军队 接近 边界 地方 被 阻挡 下来 来自 东方 约旦 军队 则 攻下 耶路撒冷 东部 并且 对 城市 西部 展开 攻击 不过 犹太人 民兵 部队 成功 阻挡 约旦 军队 而 地下 国民军 组织 部队 伊尔 贡 阻止 来自 南方 埃及 军队 从 月 开始 联合国 宣布 一个月 停火 令 这段 期间 里 以色列国防军 正式 成立 数个 月 战斗 后 双方 年 达成 一则 停火协议 并 划定 暂时 边界 条 边界线 称为 绿线 以色列 约旦河西岸 获得 额外 管辖 领域 约旦 则 占有 以色列 南部 一块 山地 区域 撒 马利亚 后来 合 称为 西岸地区 埃及 沿海地区 占有 一小块 土地 后 则 称 加沙 地带
p,"大量的阿拉伯人口在战争中逃离新成立的犹太国家，阿拉伯人将此次流亡称为“大灾难”（النكبة‎, Nakbah），估计有400,000至900,000名阿拉伯人流亡，后来称为巴勒斯坦难民，联合国估计有711,000人[11]。战争结束后，以色列不许这些巴勒斯坦难民重返家园。以色列与阿拉伯国家之间未解决的冲突、以及巴勒斯坦难民的问题一直持续至今。随着1948年的战争，西岸地区和加沙地带的犹太人口开始迁入以色列，大量来自阿拉伯国家的犹太人移民使得以色列的人口遽增了两倍。在接下来几年里将近850,000名瑟法底犹太人从阿拉伯国家逃离或遭驱逐，其中约有600,000人迁移至以色列。该地区犹太人口在以色列建国一年多后翻倍，由此开始超过阿拉伯人口。",大量的阿拉伯人口在战争中逃离新成立的犹太国家阿拉伯人将此次流亡称为大灾难估计有至名阿拉伯人流亡后来称为巴勒斯坦难民联合国估计有人战争结束后以色列不许这些巴勒斯坦难民重返家园以色列与阿拉伯国家之间未解决的冲突以及巴勒斯坦难民的问题一直持续至今随着年的战争西岸地区和加沙地带的犹太人口开始迁入以色列大量来自阿拉伯国家的犹太人移民使得以色列的人口遽增了两倍在接下来几年里将近名瑟法底犹太人从阿拉伯国家逃离或遭驱逐其中约有人迁移至以色列该地区犹太人口在以色列建国一年多后翻倍由此开始超过阿拉伯人口,大量 的 阿拉伯 人口 在 战争 中 逃离 新 成立 的 犹太 国家 阿拉伯人 将 此次 流亡 称为 大灾难 估计 有 至名 阿拉伯人 流亡 后来 称为 巴勒斯坦 难民 联合国 估计 有人 战争 结束 后 以色列 不许 这些 巴勒斯坦 难民 重返家园 以色列 与 阿拉伯 国家 之间 未 解决 的 冲突 以及 巴勒斯坦 难民 的 问题 一直 持续 至今 随着 年 的 战争 西岸地区 和 加沙 地带 的 犹太人 口 开始 迁入 以色列 大量 来自 阿拉伯 国家 的 犹太人 移民 使得 以色列 的 人口 遽 增 了 两倍 在 接下来 几年 里 将近 名瑟法底 犹太人 从 阿拉伯 国家 逃离 或 遭 驱逐 其中 约 有人 迁移 至 以色列 该 地区 犹太人 口 在 以色列 建国 一年 多后 翻倍 由此 开始 超过 阿拉伯 人口,大量 阿拉伯 人口 战争 中 逃离 新 成立 犹太 国家 阿拉伯人 将 此次 流亡 称为 大灾难 估计 至名 阿拉伯人 流亡 后来 称为 巴勒斯坦 难民 联合国 估计 有人 战争 结束 后 以色列 不许 这些 巴勒斯坦 难民 重返家园 以色列 与 阿拉伯 国家 之间 未 解决 冲突 以及 巴勒斯坦 难民 问题 一直 持续 至今 随着 年 战争 西岸地区 加沙 地带 犹太人 口 开始 迁入 以色列 大量 来自 阿拉伯 国家 犹太人 移民 使得 以色列 人口 遽 增 两倍 接下来 几年 里 将近 名瑟法底 犹太人 从 阿拉伯 国家 逃离 或 遭 驱逐 其中 约 有人 迁移 至 以色列 该 地区 犹太人 口 以色列 建国 一年 多后 翻倍 由此 开始 超过 阿拉伯 人口
p,以色列和阿拉伯国家的关系在1956年再次紧绷。埃及在1956年将英法控制的苏伊士运河收归国有，引发以色列、英国和法国不满。以色列秘密地与英法两国结盟，对埃及宣战。在苏伊士运河危机后，英法以三国的行动遭到国际社会的普遍指责。作为三国盟友的美国也不满这次秘密行动，他们将英法的侵略看作是殖民主义的再次体现。英法以三国遭到联合国的谴责，以色列后从西奈半岛撤军。,以色列和阿拉伯国家的关系在年再次紧绷埃及在年将英法控制的苏伊士运河收归国有引发以色列英国和法国不满以色列秘密地与英法两国结盟对埃及宣战在苏伊士运河危机后英法以三国的行动遭到国际社会的普遍指责作为三国盟友的美国也不满这次秘密行动他们将英法的侵略看作是殖民主义的再次体现英法以三国遭到联合国的谴责以色列后从西奈半岛撤军,以色列 和 阿拉伯 国家 的 关系 在 年 再次 紧绷 埃及 在 年 将 英法 控制 的 苏伊士运河 收归国有 引发 以色列 英国 和 法国 不满 以色列 秘密 地 与 英法 两 国 结盟 对 埃及 宣战 在 苏伊士运河 危机 后 英法 以 三国 的 行动 遭到 国际 社会 的 普遍 指责 作为 三国 盟友 的 美国 也 不满 这次 秘密行动 他们 将 英法 的 侵略 看作 是 殖民主义 的 再次 体现 英法 以 三国 遭到 联合国 的 谴责 以色列 后 从 西奈半岛 撤军,以色列 阿拉伯 国家 关系 年 再次 紧绷 埃及 年 将 英法 控制 苏伊士运河 收归国有 引发 以色列 英国 法国 不满 以色列 秘密 地 与 英法 两 国 结盟 对 埃及 宣战 苏伊士运河 危机 后 英法 以 三国 行动 遭到 国际 社会 普遍 指责 作为 三国 盟友 美国 不满 这次 秘密行动 他们 将 英法 侵略 看作 殖民主义 再次 体现 英法 以 三国 遭到 联合国 谴责 以色列 后 从 西奈半岛 撤军
p,1967年5月，叙利亚、约旦、埃及透露了开战的可能[12]，埃及驱逐了在加沙地带的联合国维和部队，并封锁了以色列战略要地的堤蓝海峡，接着又在以色列边界部署大量的战车和战机。以色列于是在6月5日对埃及展开攻势，击败了所有阿拉伯的军队，并且在空军战场上获得完全的胜利。此次战争被称为第三次中东战争，又称六日战争。以色列一口气夺下了整个西岸地区、加沙地带、西奈半岛、和戈兰高地，1949年划定的绿线则变成以色列管辖本国领土和占领区域的行政分界线。,年月叙利亚约旦埃及透露了开战的可能埃及驱逐了在加沙地带的联合国维和部队并封锁了以色列战略要地的堤蓝海峡接着又在以色列边界部署大量的战车和战机以色列于是在月日对埃及展开攻势击败了所有阿拉伯的军队并且在空军战场上获得完全的胜利此次战争被称为第三次中东战争又称六日战争以色列一口气夺下了整个西岸地区加沙地带西奈半岛和戈兰高地年划定的绿线则变成以色列管辖本国领土和占领区域的行政分界线,年 月 叙利亚 约旦 埃及 透露 了 开战 的 可能 埃及 驱逐 了 在 加沙 地带 的 联合国 维和部队 并 封锁 了 以色列 战略要地 的 堤 蓝 海峡 接着 又 在 以色列 边界 部署 大量 的 战车 和 战机 以色列 于是 在 月 日 对 埃及 展开攻势 击败 了 所有 阿拉伯 的 军队 并且 在 空军 战场 上 获得 完全 的 胜利 此次 战争 被 称为 第三次 中东战争 又称 六日 战争 以色列 一口气 夺下 了 整个 西岸地区 加沙 地带 西奈半岛 和 戈兰高地 年 划定 的 绿线 则 变成 以色列 管辖 本国 领土 和 占领 区域 的 行政 分界线,年 月 叙利亚 约旦 埃及 透露 开战 可能 埃及 驱逐 加沙 地带 联合国 维和部队 并 封锁 以色列 战略要地 堤 蓝 海峡 接着 又 以色列 边界 部署 大量 战车 战机 以色列 于是 月 日 对 埃及 展开攻势 击败 所有 阿拉伯 军队 并且 空军 战场 获得 完全 胜利 此次 战争 被 称为 第三次 中东战争 又称 六日 战争 以色列 一口气 夺下 整个 西岸地区 加沙 地带 西奈半岛 戈兰高地 年 划定 绿线 则 变成 以色列 管辖 本国 领土 占领 区域 行政 分界线
p,1973年10月6日，正值犹太教的赎罪日当天，埃及和叙利亚等阿拉伯联军对以色列发起突袭攻势，分别攻击六年前六日战争中被以色列占领的西奈半岛和戈兰高地。巴勒斯坦也派出部队支援阿拉伯联军，是为第四次中东战争，又称赎罪日战争。作为代理人战争，苏联支持阿拉伯国家，美国支持以色列；尽管阿拉伯联军在战争初期成功打击准备不足的以色列军队，随着美军向以色列提供卫星侦察结果，主导制定战略，并紧急调遣美国空军F-4鬼怪式多用途战机，在涂改军徽后，由美国飞行员从美国本土起飞，经多次加油飞至以色列，作为以色列空军直接参战，埃及和叙利亚最终仍被以色列击退。战后的几年局势变得较为平静，以色列和埃及终得签署和平协议。,年月日正值犹太教的赎罪日当天埃及和叙利亚等阿拉伯联军对以色列发起突袭攻势分别攻击六年前六日战争中被以色列占领的西奈半岛和戈兰高地巴勒斯坦也派出部队支援阿拉伯联军是为第四次中东战争又称赎罪日战争作为代理人战争苏联支持阿拉伯国家美国支持以色列尽管阿拉伯联军在战争初期成功打击准备不足的以色列军队随着美军向以色列提供卫星侦察结果主导制定战略并紧急调遣美国空军鬼怪式多用途战机在涂改军徽后由美国飞行员从美国本土起飞经多次加油飞至以色列作为以色列空军直接参战埃及和叙利亚最终仍被以色列击退战后的几年局势变得较为平静以色列和埃及终得签署和平协议,年月日 正值 犹太教 的 赎罪 日 当天 埃及 和 叙利亚 等 阿拉伯 联军 对 以色列 发起 突袭 攻势 分别 攻击 六年 前 六日 战争 中 被 以色列 占领 的 西奈半岛 和 戈兰高地 巴勒斯坦 也 派出 部队 支援 阿拉伯 联军 是 为 第四次 中东战争 又称 赎罪 日 战争 作为 代理人 战争 苏联 支持 阿拉伯 国家 美国 支持 以色列 尽管 阿拉伯 联军 在 战争初期 成功 打击 准备 不足 的 以色列 军队 随着 美军 向 以色列 提供 卫星侦察 结果 主导 制定 战略 并 紧急 调遣 美国空军 鬼怪式 多用途 战机 在 涂改 军徽 后 由 美国 飞行员 从 美国 本土 起飞 经 多次 加油 飞 至 以色列 作为 以色列空军 直接 参战 埃及 和 叙利亚 最终 仍 被 以色列 击退 战后 的 几年 局势 变得 较为 平静 以色列 和 埃及 终得 签署 和平 协议,年月日 正值 犹太教 赎罪 日 当天 埃及 叙利亚 等 阿拉伯 联军 对 以色列 发起 突袭 攻势 分别 攻击 六年 前 六日 战争 中 被 以色列 占领 西奈半岛 戈兰高地 巴勒斯坦 派出 部队 支援 阿拉伯 联军 为 第四次 中东战争 又称 赎罪 日 战争 作为 代理人 战争 苏联 支持 阿拉伯 国家 美国 支持 以色列 尽管 阿拉伯 联军 战争初期 成功 打击 准备 不足 以色列 军队 随着 美军 向 以色列 提供 卫星侦察 结果 主导 制定 战略 并 紧急 调遣 美国空军 鬼怪式 多用途 战机 涂改 军徽 后 由 美国 飞行员 从 美国 本土 起飞 经 多次 加油 飞 至 以色列 作为 以色列空军 直接 参战 埃及 叙利亚 最终 仍 被 以色列 击退 战后 几年 局势 变得 较为 平静 以色列 埃及 终得 签署 和平 协议
p,为了报复美国支援以色列，阿拉伯石油输出国组织（OAPEC）、石油输出国组织（OPEC）里的阿拉伯国家，由沙特阿拉伯领导，在10月17日决定每个月减低石油产量5%，并威胁彻底禁运。然而美国总统尼克森还是在10月18日向美国国会请求提供了以色列22亿美元的军火。利比亚立即宣布对美国实行石油禁运。由此又导致第一次石油危机，直至1978年，在美国斡旋下签订《戴维营协议》，以色列将西奈半岛还给埃及，“石油危机”得以缓解。,为了报复美国支援以色列阿拉伯石油输出国组织石油输出国组织里的阿拉伯国家由沙特阿拉伯领导在月日决定每个月减低石油产量并威胁彻底禁运然而美国总统尼克森还是在月日向美国国会请求提供了以色列亿美元的军火利比亚立即宣布对美国实行石油禁运由此又导致第一次石油危机直至年在美国斡旋下签订戴维营协议以色列将西奈半岛还给埃及石油危机得以缓解,为了 报复 美国 支援 以色列 阿拉伯 石油输出国组织 石油输出国组织 里 的 阿拉伯 国家 由 沙特阿拉伯 领导 在 月 日 决定 每个 月 减低 石油 产量 并 威胁 彻底 禁运 然而 美国 总统 尼克森 还是 在 月 日 向 美国国会 请求 提供 了 以色列 亿美元 的 军火 利比亚 立即 宣布 对 美国 实行 石油 禁运 由此 又 导致 第一次 石油危机 直至 年 在 美国 斡旋 下 签订 戴维营 协议 以色列 将 西奈半岛 还给 埃及 石油危机 得以 缓解,为了 报复 美国 支援 以色列 阿拉伯 石油输出国组织 石油输出国组织 里 阿拉伯 国家 由 沙特阿拉伯 领导 月 日 决定 每个 月 减低 石油 产量 并 威胁 彻底 禁运 然而 美国 总统 尼克森 还是 月 日 向 美国国会 请求 提供 以色列 亿美元 军火 利比亚 立即 宣布 对 美国 实行 石油 禁运 由此 又 导致 第一次 石油危机 直至 年 美国 斡旋 下 签订 戴维营 协议 以色列 将 西奈半岛 还给 埃及 石油危机 得以 缓解
p,"在1982年，以色列在其驻英国大使被巴勒斯坦枪手枪击重伤后，出动陆海空军100,000多名部队，对黎巴嫩境内的巴勒斯坦解放组织和叙利亚军队发动了大规模的进攻，几天时间就占领了黎巴嫩的南半部，并卷入自从1975年以来一直进行的黎巴嫩内战。以色列的开战理由为保护以色列在北方的定居点，当时这些定居点经常受到来自黎巴嫩的恐怖袭击。在建立了四十公里的障碍区后，以色列国防军继续前进，甚至攻下了首都贝鲁特。以色列军队将巴勒斯坦解放组织逐出了黎巴嫩，迫使巴解转移基地至突尼斯。是为黎巴嫩战争。以色列最后在1986年撤出了大部分在黎巴嫩的军队，边界的缓冲地带则一直被维持着，直到2000年以色列进行单方面的撤军。",在年以色列在其驻英国大使被巴勒斯坦枪手枪击重伤后出动陆海空军多名部队对黎巴嫩境内的巴勒斯坦解放组织和叙利亚军队发动了大规模的进攻几天时间就占领了黎巴嫩的南半部并卷入自从年以来一直进行的黎巴嫩内战以色列的开战理由为保护以色列在北方的定居点当时这些定居点经常受到来自黎巴嫩的恐怖袭击在建立了四十公里的障碍区后以色列国防军继续前进甚至攻下了首都贝鲁特以色列军队将巴勒斯坦解放组织逐出了黎巴嫩迫使巴解转移基地至突尼斯是为黎巴嫩战争以色列最后在年撤出了大部分在黎巴嫩的军队边界的缓冲地带则一直被维持着直到年以色列进行单方面的撤军,在 年 以色列 在 其 驻 英国 大使 被 巴勒斯坦 枪手 枪击 重伤 后 出动 陆海空军 多名 部队 对 黎巴嫩 境内 的 巴勒斯坦解放组织 和 叙利亚 军队 发动 了 大规模 的 进攻 几天 时间 就 占领 了 黎巴嫩 的 南半部 并 卷入 自从 年 以来 一直 进行 的 黎巴嫩 内战 以色列 的 开战 理由 为 保护 以色列 在 北方 的 定居点 当时 这些 定居点 经常 受到 来自 黎巴嫩 的 恐怖袭击 在 建立 了 四十公里 的 障碍 区后 以色列国防军 继续前进 甚至 攻下 了 首都 贝鲁特 以色列 军队 将 巴勒斯坦解放组织 逐出 了 黎巴嫩 迫使 巴解 转移 基地 至 突尼斯 是 为 黎巴嫩 战争 以色列 最后 在 年 撤出 了 大部分 在 黎巴嫩 的 军队 边界 的 缓冲地带 则 一直 被 维持 着 直到 年 以色列 进行 单方面 的 撤军,年 以色列 其 驻 英国 大使 被 巴勒斯坦 枪手 枪击 重伤 后 出动 陆海空军 多名 部队 对 黎巴嫩 境内 巴勒斯坦解放组织 叙利亚 军队 发动 大规模 进攻 几天 时间 占领 黎巴嫩 南半部 并 卷入 自从 年 以来 一直 进行 黎巴嫩 内战 以色列 开战 理由 为 保护 以色列 北方 定居点 当时 这些 定居点 经常 受到 来自 黎巴嫩 恐怖袭击 建立 四十公里 障碍 区后 以色列国防军 继续前进 甚至 攻下 首都 贝鲁特 以色列 军队 将 巴勒斯坦解放组织 逐出 黎巴嫩 迫使 巴解 转移 基地 至 突尼斯 为 黎巴嫩 战争 以色列 最后 年 撤出 大部分 黎巴嫩 军队 边界 缓冲地带 则 一直 被 维持 直到 年 以色列 进行 单方面 撤军
p,除以上大规模战争外，以阿间还爆发了多次非战争流血冲突。1968年至1972年这段期间称为消耗战争，以色列和叙利亚、埃及间的边界频繁爆发许多小规模的冲突。除此之外，在1970年代早期，巴勒斯坦武装组织开始对以色列和各国的犹太人展开恐怖攻击，在1972年夏季奥林匹克运动会中爆发了慕尼黑惨案，巴勒斯坦的武装民兵挟持以色列的代表团运动员作为人质，最后所有人质皆遭杀害。以色列对此展开了报复性的“不老泉行动”乃至“天谴行动”，由一群以色列情报特务局（俗称摩萨德）的特工在世界各地暗杀筹划慕尼黑惨案的幕后凶手。,除以上大规模战争外以阿间还爆发了多次非战争流血冲突年至年这段期间称为消耗战争以色列和叙利亚埃及间的边界频繁爆发许多小规模的冲突除此之外在年代早期巴勒斯坦武装组织开始对以色列和各国的犹太人展开恐怖攻击在年夏季奥林匹克运动会中爆发了慕尼黑惨案巴勒斯坦的武装民兵挟持以色列的代表团运动员作为人质最后所有人质皆遭杀害以色列对此展开了报复性的不老泉行动乃至天谴行动由一群以色列情报特务局俗称摩萨德的特工在世界各地暗杀筹划慕尼黑惨案的幕后凶手,除 以上 大规模 战争 外以 阿间 还 爆发 了 多次 非 战争 流血冲突 年 至 年 这段 期间 称为 消耗 战争 以色列 和 叙利亚 埃及 间 的 边界 频繁 爆发 许多 小规模 的 冲突 除此之外 在 年代 早期 巴勒斯坦 武装 组织 开始 对 以色列 和 各国 的 犹太人 展开 恐怖 攻击 在 年 夏季 奥林匹克运动会 中 爆发 了 慕尼黑 惨案 巴勒斯坦 的 武装 民兵 挟持 以色列 的 代表团 运动员 作为 人质 最后 所有人 质皆遭 杀害 以色列 对此 展开 了 报复性 的 不老泉 行动 乃至 天 谴 行动 由 一群 以色列 情报 特务 局 俗称 摩萨德 的 特工 在 世界各地 暗杀 筹划 慕尼黑 惨案 的 幕后 凶手,除 以上 大规模 战争 外以 阿间 还 爆发 多次 非 战争 流血冲突 年 至 年 这段 期间 称为 消耗 战争 以色列 叙利亚 埃及 间 边界 频繁 爆发 许多 小规模 冲突 除此之外 年代 早期 巴勒斯坦 武装 组织 开始 对 以色列 各国 犹太人 展开 恐怖 攻击 年 夏季 奥林匹克运动会 中 爆发 慕尼黑 惨案 巴勒斯坦 武装 民兵 挟持 以色列 代表团 运动员 作为 人质 最后 所有人 质皆遭 杀害 以色列 对此 展开 报复性 不老泉 行动 乃至 天 谴 行动 由 一群 以色列 情报 特务 局 俗称 摩萨德 特工 世界各地 暗杀 筹划 慕尼黑 惨案 幕后 凶手
p,在1987年爆发的巴勒斯坦大起义引燃了占领区域的一连串暴动。加沙的巴勒斯坦人怒火中烧，走上街头，采用游行、罢工、抵制美以货物等和平方式，不与占领当局合作，展开与以色列当局持续数年的对抗。巴勒斯坦解放组织总部当时设在突尼斯，“哈马斯”组织被猜度为幕后指挥者。在那次起义中，巴勒斯坦人创造出以落后“冷兵器”向以色列示威的斗争方式，即以青少年在街头投掷石块、自制燃烧瓶与现代武装的军警对抗；这次起义到1993年《奥斯陆协议》签署之后才告一结束。,在年爆发的巴勒斯坦大起义引燃了占领区域的一连串暴动加沙的巴勒斯坦人怒火中烧走上街头采用游行罢工抵制美以货物等和平方式不与占领当局合作展开与以色列当局持续数年的对抗巴勒斯坦解放组织总部当时设在突尼斯哈马斯组织被猜度为幕后指挥者在那次起义中巴勒斯坦人创造出以落后冷兵器向以色列示威的斗争方式即以青少年在街头投掷石块自制燃烧瓶与现代武装的军警对抗这次起义到年奥斯陆协议签署之后才告一结束,在 年 爆发 的 巴勒斯坦 大 起义 引燃 了 占领 区域 的 一连串 暴动 加沙 的 巴勒斯坦人 怒火中烧 走上 街头 采用 游行 罢工 抵制 美以 货物 等 和平 方式 不 与 占领 当局 合作 展开 与 以色列 当局 持续 数年 的 对抗 巴勒斯坦解放组织 总部 当时 设在 突尼斯 哈马斯 组织 被 猜度 为 幕后指挥 者 在 那次 起义 中 巴勒斯坦人 创造 出以 落后 冷兵器 向 以色列 示威 的 斗争方式 即以 青少年 在 街头 投掷 石块 自制 燃烧瓶 与 现代 武装 的 军警 对抗 这次 起义 到 年 奥斯陆 协议 签署 之后 才告 一 结束,年 爆发 巴勒斯坦 大 起义 引燃 占领 区域 一连串 暴动 加沙 巴勒斯坦人 怒火中烧 走上 街头 采用 游行 罢工 抵制 美以 货物 等 和平 方式 与 占领 当局 合作 展开 与 以色列 当局 持续 数年 对抗 巴勒斯坦解放组织 总部 当时 设在 突尼斯 哈马斯 组织 被 猜度 为 幕后指挥 者 那次 起义 中 巴勒斯坦人 创造 出以 落后 冷兵器 向 以色列 示威 斗争方式 即以 青少年 街头 投掷 石块 自制 燃烧瓶 与 现代 武装 军警 对抗 这次 起义 年 奥斯陆 协议 签署 之后 才告 结束
p,在1979年3月，贝京和沙达特在美国首都华府达成《以色列-埃及和平条约》。随着条约的签订，以色列从西奈半岛撤军，并且撤离了自从1970年代开始在那里建立的移民区。以色列也同意以1949年划定的绿线为基础赋予巴勒斯坦人自治权，而非1947年联大181决议提出的界限。以色列坚持以耶路撒冷为其首都，并正式定为法律。,在年月贝京和沙达特在美国首都华府达成以色列埃及和平条约随着条约的签订以色列从西奈半岛撤军并且撤离了自从年代开始在那里建立的移民区以色列也同意以年划定的绿线为基础赋予巴勒斯坦人自治权而非年联大决议提出的界限以色列坚持以耶路撒冷为其首都并正式定为法律,在 年 月 贝京 和 沙达特 在 美国 首都 华府 达成 以色列 埃及 和平 条约 随着 条约 的 签订 以色列 从 西奈半岛 撤军 并且 撤离 了 自从 年代 开始 在 那里 建立 的 移民区 以色列 也 同意 以年 划定 的 绿线 为 基础 赋予 巴勒斯坦人 自治权 而 非年 联大 决议 提出 的 界限 以色列 坚持 以 耶路撒冷 为 其 首都 并 正式 定为 法律,年 月 贝京 沙达特 美国 首都 华府 达成 以色列 埃及 和平 条约 随着 条约 签订 以色列 从 西奈半岛 撤军 并且 撤离 自从 年代 开始 那里 建立 移民区 以色列 同意 以年 划定 绿线 为 基础 赋予 巴勒斯坦人 自治权 而 非年 联大 决议 提出 界限 以色列 坚持 以 耶路撒冷 为 其 首都 并 正式 定为 法律
h3,1993－2000：奥斯陆和平进程[编辑],奥斯陆和平进程编辑,奥斯陆 和平 进程 编辑,奥斯陆 和平 进程 编辑
p,在1992年选举中，伊扎克·拉宾当选总理，相隔十五年后再度主政。在竞选时，工党曾承诺将会大力改善以色列的国内治安和与阿拉伯国家的关系。到了1993年底，以色列的工党政府抛弃了1991年的马德里协议框架，改与巴解直接签订《奥斯陆协议》。,在年选举中伊扎克拉宾当选总理相隔十五年后再度主政在竞选时工党曾承诺将会大力改善以色列的国内治安和与阿拉伯国家的关系到了年底以色列的工党政府抛弃了年的马德里协议框架改与巴解直接签订奥斯陆协议,在 年 选举 中伊 扎克 拉宾 当选 总理 相隔 十五年 后 再度 主政 在 竞选 时 工党 曾 承诺 将会 大力 改善 以色列 的 国内 治安 和 与 阿拉伯 国家 的 关系 到 了 年底 以色列 的 工党 政府 抛弃 了 年 的 马德里 协议 框架 改与 巴解 直接 签订 奥斯陆 协议,年 选举 中伊 扎克 拉宾 当选 总理 相隔 十五年 后 再度 主政 竞选 时 工党 曾 承诺 将会 大力 改善 以色列 国内 治安 与 阿拉伯 国家 关系 年底 以色列 工党 政府 抛弃 年 马德里 协议 框架 改与 巴解 直接 签订 奥斯陆 协议
p,最初以色列大众广泛支持奥斯陆协议，然而在协议签订之后以色列仍然持续遭到哈马斯武装团体的频繁攻击，协议受到的支持也开始大量减少。在1995年11月4日，拉宾遭到极端的以色列民族主义者伊盖尔·阿米尔刺杀。,最初以色列大众广泛支持奥斯陆协议然而在协议签订之后以色列仍然持续遭到哈马斯武装团体的频繁攻击协议受到的支持也开始大量减少在年月日拉宾遭到极端的以色列民族主义者伊盖尔阿米尔刺杀,最初 以色列 大众 广泛支持 奥斯陆 协议 然而 在 协议 签订 之后 以色列 仍然 持续 遭到 哈马斯 武装 团体 的 频繁 攻击 协议 受到 的 支持 也 开始 大量 减少 在 年月日 拉宾 遭到 极端 的 以色列 民族主义者 伊 盖尔 阿米尔 刺杀,最初 以色列 大众 广泛支持 奥斯陆 协议 然而 协议 签订 之后 以色列 仍然 持续 遭到 哈马斯 武装 团体 频繁 攻击 协议 受到 支持 开始 大量 减少 年月日 拉宾 遭到 极端 以色列 民族主义者 伊 盖尔 阿米尔 刺杀
p,由于拉宾的遇刺，大众对于奥斯陆协议的观感也稍有好转，大为提升了接任人希蒙·佩雷斯的支持度。不过，新的一波自杀炸弹攻势加上阿拉法特赞美炸弹客的声明，使得公众舆论再次扭转，并且在1996年5月的首次总理直接选举，佩雷斯败给了右翼联合党的本雅明·内塔尼亚胡。,由于拉宾的遇刺大众对于奥斯陆协议的观感也稍有好转大为提升了接任人希蒙佩雷斯的支持度不过新的一波自杀炸弹攻势加上阿拉法特赞美炸弹客的声明使得公众舆论再次扭转并且在年月的首次总理直接选举佩雷斯败给了右翼联合党的本雅明内塔尼亚胡,由于 拉宾 的 遇刺 大众 对于 奥斯陆 协议 的 观感 也 稍 有 好转 大为 提升 了 接任 人希蒙 佩雷斯 的 支持 度 不过 新 的 一波 自杀 炸弹 攻势 加上 阿拉法特 赞美 炸弹 客 的 声明 使得 公众 舆论 再次 扭转 并且 在 年 月 的 首次 总理 直接 选举 佩雷斯 败给 了 右翼 联合党 的 本雅明 内塔尼亚胡,由于 拉宾 遇刺 大众 对于 奥斯陆 协议 观感 稍 好转 大为 提升 接任 人希蒙 佩雷斯 支持 度 不过 新 一波 自杀 炸弹 攻势 加上 阿拉法特 赞美 炸弹 客 声明 使得 公众 舆论 再次 扭转 并且 年 月 首次 总理 直接 选举 佩雷斯 败给 右翼 联合党 本雅明 内塔尼亚胡
p,虽然内塔尼亚胡被视为是奥斯陆协议的坚定反对者，他仍然决定从希伯伦撤军，并且签下了怀伊备忘录（Wye River Memorandum），给予巴勒斯坦民族权力机构更大的自治权力。在内塔尼亚胡任内巴勒斯坦团体对以色列平民的袭击活动大为减少，然而他的联合政府仍然在1999年垮台。在1999年选举中工党的埃胡德·巴拉克以大幅票数差距击败内塔尼亚胡而继任总理。,虽然内塔尼亚胡被视为是奥斯陆协议的坚定反对者他仍然决定从希伯伦撤军并且签下了怀伊备忘录给予巴勒斯坦民族权力机构更大的自治权力在内塔尼亚胡任内巴勒斯坦团体对以色列平民的袭击活动大为减少然而他的联合政府仍然在年垮台在年选举中工党的埃胡德巴拉克以大幅票数差距击败内塔尼亚胡而继任总理,虽然 内塔尼亚胡 被 视为 是 奥斯陆 协议 的 坚定 反对者 他 仍然 决定 从 希伯伦 撤军 并且 签下 了 怀伊 备忘录 给予 巴勒斯坦民族权力机构 更大 的 自治 权力 在 内塔尼亚胡 任内 巴勒斯坦 团体 对 以色列 平民 的 袭击 活动 大为 减少 然而 他 的 联合政府 仍然 在 年 垮台 在 年 选举 中 工党 的 埃 胡德 巴拉克 以 大幅 票数 差距 击败 内塔尼亚胡 而 继任 总理,虽然 内塔尼亚胡 被 视为 奥斯陆 协议 坚定 反对者 他 仍然 决定 从 希伯伦 撤军 并且 签下 怀伊 备忘录 给予 巴勒斯坦民族权力机构 更大 自治 权力 内塔尼亚胡 任内 巴勒斯坦 团体 对 以色列 平民 袭击 活动 大为 减少 然而 他 联合政府 仍然 年 垮台 年 选举 中 工党 埃 胡德 巴拉克 以 大幅 票数 差距 击败 内塔尼亚胡 而 继任 总理
p,巴拉克和亚西尔·阿拉法特曾在美国总统比尔·克林顿的斡旋下于2000年在大卫营进行协商，然而协商最后失败，阿拉法特提出的条件是一个由73%西岸地区和100%加沙地带组成的巴勒斯坦国家，并且在10至25年时间内将西岸地区的巴勒斯坦领域扩展至90%（排除耶路撒冷郊区则是94%），但巴拉克认为方案否定了以色列在耶路撒冷的地位，而阿拉法特坚持以耶路撒冷作为巴勒斯坦国的首都，拒绝让步。,巴拉克和亚西尔阿拉法特曾在美国总统比尔克林顿的斡旋下于年在大卫营进行协商然而协商最后失败阿拉法特提出的条件是一个由西岸地区和加沙地带组成的巴勒斯坦国家并且在至年时间内将西岸地区的巴勒斯坦领域扩展至排除耶路撒冷郊区则是但巴拉克认为方案否定了以色列在耶路撒冷的地位而阿拉法特坚持以耶路撒冷作为巴勒斯坦国的首都拒绝让步,巴拉克 和 亚西尔 阿拉法特 曾 在 美国 总统 比尔 克林顿 的 斡旋 下于 年 在 大卫 营 进行 协商 然而 协商 最后 失败 阿拉法特 提出 的 条件 是 一个 由 西岸地区 和 加沙 地带 组成 的 巴勒斯坦 国家 并且 在 至 年 时间 内 将 西岸地区 的 巴勒斯坦 领域 扩展 至 排除 耶路撒冷 郊区 则 是 但 巴拉克 认为 方案 否定 了 以色列 在 耶路撒冷 的 地位 而 阿拉法特 坚持 以 耶路撒冷 作为 巴勒斯坦国 的 首都 拒绝 让步,巴拉克 亚西尔 阿拉法特 曾 美国 总统 比尔 克林顿 斡旋 下于 年 大卫 营 进行 协商 然而 协商 最后 失败 阿拉法特 提出 条件 由 西岸地区 加沙 地带 组成 巴勒斯坦 国家 并且 至 年 时间 内 将 西岸地区 巴勒斯坦 领域 扩展 至 排除 耶路撒冷 郊区 则 但 巴拉克 认为 方案 否定 以色列 耶路撒冷 地位 而 阿拉法特 坚持 以 耶路撒冷 作为 巴勒斯坦国 首都 拒绝 让步
h3,2000年至今[编辑],年至今编辑,年 至今 编辑,年 至今 编辑
p,在谈判破裂后，巴勒斯坦开始了第二次暴动，称为阿克萨群众起义，暴动开始的时间就发生在以色列反对派领袖阿里埃勒·沙龙访问耶路撒冷圣殿山之后不久。协商的失败以及新暴动的爆发使得许多以色列人对巴拉克政府感到失望，并且也使和平协议的支持度大减。,在谈判破裂后巴勒斯坦开始了第二次暴动称为阿克萨群众起义暴动开始的时间就发生在以色列反对派领袖阿里埃勒沙龙访问耶路撒冷圣殿山之后不久协商的失败以及新暴动的爆发使得许多以色列人对巴拉克政府感到失望并且也使和平协议的支持度大减,在 谈判 破裂 后 巴勒斯坦 开始 了 第二次 暴动 称为 阿克萨 群众 起义 暴动 开始 的 时间 就 发生 在 以色列 反对派 领袖 阿里 埃勒 沙龙 访问 耶路撒冷 圣殿山 之后 不久 协商 的 失败 以及 新 暴动 的 爆发 使得 许多 以色列 人 对 巴拉克 政府 感到 失望 并且 也 使 和平 协议 的 支持 度大减,谈判 破裂 后 巴勒斯坦 开始 第二次 暴动 称为 阿克萨 群众 起义 暴动 开始 时间 发生 以色列 反对派 领袖 阿里 埃勒 沙龙 访问 耶路撒冷 圣殿山 之后 不久 协商 失败 以及 新 暴动 爆发 使得 许多 以色列 对 巴拉克 政府 感到 失望 并且 使 和平 协议 支持 度大减
p,在一场总理的特别选举后，艾里尔·夏隆在2001年2月成为了新的总理，右翼联合党在不到两年后重新主政，稍后又在2003年的选举中成功连任。沙龙开始从加沙地带单方面撤军，这次撤军在2005年8月至9月间完成。,在一场总理的特别选举后艾里尔夏隆在年月成为了新的总理右翼联合党在不到两年后重新主政稍后又在年的选举中成功连任沙龙开始从加沙地带单方面撤军这次撤军在年月至月间完成,在 一场 总理 的 特别 选举 后 艾 里尔 夏隆 在 年 月 成为 了 新 的 总理 右翼 联合党 在 不到 两年 后 重新 主政 稍后 又 在 年 的 选举 中 成功 连任 沙龙 开始 从 加沙 地带 单方面 撤军 这次 撤军 在 年 月 至 月 间 完成,一场 总理 特别 选举 后 艾 里尔 夏隆 年 月 成为 新 总理 右翼 联合党 不到 两年 后 重新 主政 稍后 又 年 选举 中 成功 连任 沙龙 开始 从 加沙 地带 单方面 撤军 这次 撤军 年 月 至 月 间 完成
p,以色列开始在西岸地区边界建立了围墙，目的是为了保护以色列免遭武装巴勒斯坦团体的攻击。为了建立长达681公里的围墙，接近围墙的缓冲地区也连带的减少了9.5%的西岸地区面积，使得巴勒斯坦居民的经济状况遭遇困难[13]。围墙的建立遭致了国际间的许多批评，也遭到一些以色列极左派的批评。不过，围墙的确有效减少了对以色列平民的恐怖攻击[14]。,以色列开始在西岸地区边界建立了围墙目的是为了保护以色列免遭武装巴勒斯坦团体的攻击为了建立长达公里的围墙接近围墙的缓冲地区也连带的减少了的西岸地区面积使得巴勒斯坦居民的经济状况遭遇困难围墙的建立遭致了国际间的许多批评也遭到一些以色列极左派的批评不过围墙的确有效减少了对以色列平民的恐怖攻击,以色列 开始 在 西岸地区 边界 建立 了 围墙 目的 是 为了 保护 以色列 免遭 武装 巴勒斯坦 团体 的 攻击 为了 建立 长 达 公里 的 围墙 接近 围墙 的 缓冲地区 也 连带 的 减少 了 的 西岸地区 面积 使得 巴勒斯坦 居民 的 经济 状况 遭遇 困难 围墙 的 建立 遭致 了 国际 间 的 许多 批评 也 遭到 一些 以色列 极左派 的 批评 不过 围墙 的确 有效 减少 了 对 以色列 平民 的 恐怖 攻击,以色列 开始 西岸地区 边界 建立 围墙 目的 为了 保护 以色列 免遭 武装 巴勒斯坦 团体 攻击 为了 建立 长 达 公里 围墙 接近 围墙 缓冲地区 连带 减少 西岸地区 面积 使得 巴勒斯坦 居民 经济 状况 遭遇 困难 围墙 建立 遭致 国际 间 许多 批评 遭到 一些 以色列 极左派 批评 不过 围墙 的确 有效 减少 对 以色列 平民 恐怖 攻击
p,2006年6月25日凌晨，8名巴勒斯坦武装人员通过地下通道潜入位于加沙地带南部附近的以军哨所，向坦克和碉堡发射火箭弹，并炸毁一辆装甲车。以军发言人证实，2名士兵被炸身亡，4名士兵受伤。遭绑架的以军士兵是19岁的吉拉德·沙利特。当晚，以色列内阁举行特别会议，决定同意国防军着手营救这名士兵[15]。以色列对此展开了夏雨行动，大量轰炸哈玛斯目标以及其他桥梁、道路、以及发电站。以色列也派军占领此地区。,年月日凌晨名巴勒斯坦武装人员通过地下通道潜入位于加沙地带南部附近的以军哨所向坦克和碉堡发射火箭弹并炸毁一辆装甲车以军发言人证实名士兵被炸身亡名士兵受伤遭绑架的以军士兵是岁的吉拉德沙利特当晚以色列内阁举行特别会议决定同意国防军着手营救这名士兵以色列对此展开了夏雨行动大量轰炸哈玛斯目标以及其他桥梁道路以及发电站以色列也派军占领此地区,年月日 凌晨 名 巴勒斯坦 武装人员 通过 地下通道 潜入 位于 加沙 地带 南部 附近 的 以军 哨所 向 坦克 和 碉堡 发射 火箭弹 并 炸毁 一辆 装甲车 以军 发言人 证实 名 士兵 被 炸 身亡 名 士兵 受伤 遭绑架 的 以军 士兵 是 岁 的 吉拉德 沙 利特 当晚 以色列 内阁 举行 特别 会议 决定 同意 国防军 着手 营救 这名 士兵 以色列 对此 展开 了 夏雨 行动 大量 轰炸 哈玛斯 目标 以及 其他 桥梁 道路 以及 发电站 以色列 也 派 军 占领 此 地区,年月日 凌晨 名 巴勒斯坦 武装人员 通过 地下通道 潜入 位于 加沙 地带 南部 附近 以军 哨所 向 坦克 碉堡 发射 火箭弹 并 炸毁 一辆 装甲车 以军 发言人 证实 名 士兵 被 炸 身亡 名 士兵 受伤 遭绑架 以军 士兵 岁 吉拉德 沙 利特 当晚 以色列 内阁 举行 特别 会议 决定 同意 国防军 着手 营救 这名 士兵 以色列 对此 展开 夏雨 行动 大量 轰炸 哈玛斯 目标 以及 其他 桥梁 道路 以及 发电站 以色列 派 军 占领 此 地区
p,2008年12月19日，哈马斯与以色列签署的停火协议到期，哈马斯向以色列境内发射大约百枚火箭弹和迫击弹，以色列借此发动反击，从12月27日开始对加沙地带实行空中军事攻击。2009年1月3日，以军开始发动地面进攻。,年月日哈马斯与以色列签署的停火协议到期哈马斯向以色列境内发射大约百枚火箭弹和迫击弹以色列借此发动反击从月日开始对加沙地带实行空中军事攻击年月日以军开始发动地面进攻,年月日 哈马斯 与 以色列 签署 的 停火协议 到期 哈马斯 向 以色列 境内 发射 大约 百枚 火箭弹 和 迫击 弹 以色列 借此 发动 反击 从 月 日 开始 对 加沙 地带 实行 空中 军事 攻击 年月日 以军 开始 发动 地面 进攻,年月日 哈马斯 与 以色列 签署 停火协议 到期 哈马斯 向 以色列 境内 发射 大约 百枚 火箭弹 迫击 弹 以色列 借此 发动 反击 从 月 日 开始 对 加沙 地带 实行 空中 军事 攻击 年月日 以军 开始 发动 地面 进攻
p,2014年7月8日，以色列国防部队发动了名为“保护边缘行动”的针对哈马斯的军事入侵，酿成巴勒斯坦平民死伤惨重[16]。,年月日以色列国防部队发动了名为保护边缘行动的针对哈马斯的军事入侵酿成巴勒斯坦平民死伤惨重,年月日 以色列国防部 队 发动 了 名为 保护 边缘 行动 的 针对 哈马斯 的 军事 入侵 酿成 巴勒斯坦 平民 死伤 惨重,年月日 以色列国防部 队 发动 名为 保护 边缘 行动 针对 哈马斯 军事 入侵 酿成 巴勒斯坦 平民 死伤 惨重
p,2014年8月27日，以色列和哈马斯达成停火协议，2014年巴以冲突结束[1]。,年月日以色列和哈马斯达成停火协议年巴以冲突结束,年月日 以色列 和 哈马斯 达成 停火协议 年巴以 冲突 结束,年月日 以色列 哈马斯 达成 停火协议 年巴以 冲突 结束
p,2015年10月11日，以色列国防军在加沙地带边界和参与示威游行的巴勒斯坦人爆发一连串冲突，造成6人死亡和50多人受伤。,年月日以色列国防军在加沙地带边界和参与示威游行的巴勒斯坦人爆发一连串冲突造成人死亡和多人受伤,年月日 以色列国防军 在 加沙 地带 边界 和 参与 示威游行 的 巴勒斯坦人 爆发 一连串 冲突 造成 人 死亡 和 多 人 受伤,年月日 以色列国防军 加沙 地带 边界 参与 示威游行 巴勒斯坦人 爆发 一连串 冲突 造成 死亡 多 受伤
p,"2018年5月14日，美国驻以色列耶路撒冷大使馆开幕，正值以色列的独立日，亦是巴勒斯坦“灾难节”的前一日。加沙地带爆发新一轮示威反对美国和以色列，批评两国认定耶路撒冷为以色列的首都，侵占巴勒斯坦的主权。其后以色列警方开枪镇压示威，超过50人死亡、至少2,000人受伤。巴勒斯坦人称之为“大屠杀”，外界相信此次示威为近年巴以冲突中最血腥的一日。多国批评以色列的行动，其中土耳其更加驱逐外交官，以色列则以对方不尊重外交礼仪为由，驱逐土耳其外交官[17]。而美国则支持以色列，指责哈马斯挑起冲突[18]。",年月日美国驻以色列耶路撒冷大使馆开幕正值以色列的独立日亦是巴勒斯坦灾难节的前一日加沙地带爆发新一轮示威反对美国和以色列批评两国认定耶路撒冷为以色列的首都侵占巴勒斯坦的主权其后以色列警方开枪镇压示威超过人死亡至少人受伤巴勒斯坦人称之为大屠杀外界相信此次示威为近年巴以冲突中最血腥的一日多国批评以色列的行动其中土耳其更加驱逐外交官以色列则以对方不尊重外交礼仪为由驱逐土耳其外交官而美国则支持以色列指责哈马斯挑起冲突,年月日 美国 驻 以色列 耶路撒冷 大使馆 开幕 正值 以色列 的 独立 日 亦 是 巴勒斯坦 灾难 节 的 前 一日 加沙 地带 爆发 新一轮 示威 反对 美国 和 以色列 批评 两 国 认定 耶路撒冷 为 以色列 的 首都 侵占 巴勒斯坦 的 主权 其后 以色列 警方 开枪 镇压 示威 超过 人 死亡 至少 人 受伤 巴勒斯坦人 称之为 大屠杀 外界 相信 此次 示威 为 近年 巴 以 冲突 中 最 血腥 的 一日 多 国 批评 以色列 的 行动 其中 土耳其 更加 驱逐 外交官 以色列 则 以 对方 不 尊重 外交 礼仪 为 由 驱逐 土耳其 外交官 而 美国 则 支持 以色列 指责 哈马斯 挑起 冲突,年月日 美国 驻 以色列 耶路撒冷 大使馆 开幕 正值 以色列 独立 日 亦 巴勒斯坦 灾难 节 前 一日 加沙 地带 爆发 新一轮 示威 反对 美国 以色列 批评 两 国 认定 耶路撒冷 为 以色列 首都 侵占 巴勒斯坦 主权 其后 以色列 警方 开枪 镇压 示威 超过 死亡 至少 受伤 巴勒斯坦人 称之为 大屠杀 外界 相信 此次 示威 为 近年 巴 以 冲突 中 最 血腥 一日 多 国 批评 以色列 行动 其中 土耳其 更加 驱逐 外交官 以色列 则 以 对方 尊重 外交 礼仪 为 由 驱逐 土耳其 外交官 而 美国 则 支持 以色列 指责 哈马斯 挑起 冲突
p,2018年12月10日，以色列军人进入拉姆安拉打伤27名巴勒斯坦人。[19],年月日以色列军人进入拉姆安拉打伤名巴勒斯坦人,年月日 以色列 军人 进入 拉姆 安拉 打伤 名 巴勒斯坦人,年月日 以色列 军人 进入 拉姆 安拉 打伤 名 巴勒斯坦人
p,2019年5月3日至6日，自加沙地带两名以色列士兵在加沙-以色列边境的每周抗议活动中受到狙击手射击，加沙-以色列冲突于2019年5月3日开始升级，作为回应，以色列空军进行了空袭，造成四名巴勒斯坦人死亡。此后，加沙向以色列发射了数百枚火箭弹，而以色列空军袭击了加沙地带内的许多目标。此外，以色列增加了在加沙-以色列边界附近的部队人员。在埃及的调解下停火协议于5月6日生效。,年月日至日自加沙地带两名以色列士兵在加沙以色列边境的每周抗议活动中受到狙击手射击加沙以色列冲突于年月日开始升级作为回应以色列空军进行了空袭造成四名巴勒斯坦人死亡此后加沙向以色列发射了数百枚火箭弹而以色列空军袭击了加沙地带内的许多目标此外以色列增加了在加沙以色列边界附近的部队人员在埃及的调解下停火协议于月日生效,年月日 至 日 自 加沙 地带 两名 以色列 士兵 在 加沙 以色列 边境 的 每周 抗议 活动 中 受到 狙击手 射击 加沙 以色列 冲突 于 年月日 开始 升级 作为 回应 以色列空军 进行 了 空袭 造成 四名 巴勒斯坦人 死亡 此后 加沙 向 以色列 发射 了 数百枚 火箭弹 而 以色列空军 袭击 了 加沙 地带 内 的 许多 目标 此外 以色列 增加 了 在 加沙 以色列 边界 附近 的 部队 人员 在 埃及 的 调解 下 停火协议 于 月 日 生效,年月日 至 日 自 加沙 地带 两名 以色列 士兵 加沙 以色列 边境 每周 抗议 活动 中 受到 狙击手 射击 加沙 以色列 冲突 于 年月日 开始 升级 作为 回应 以色列空军 进行 空袭 造成 四名 巴勒斯坦人 死亡 此后 加沙 向 以色列 发射 数百枚 火箭弹 而 以色列空军 袭击 加沙 地带 内 许多 目标 此外 以色列 增加 加沙 以色列 边界 附近 部队 人员 埃及 调解 下 停火协议 于 月 日 生效
p,2019年9月28日，马来西亚首相马哈迪·莫哈末在第74届联合国大会上发表演说时表明，马来西亚无法接受以色列“公然占领巴勒斯坦领土作为定居点，同时侵占耶路撒冷”[20]。,年月日马来西亚首相马哈迪莫哈末在第届联合国大会上发表演说时表明马来西亚无法接受以色列公然占领巴勒斯坦领土作为定居点同时侵占耶路撒冷,年月日 马来西亚 首相 马哈迪 莫哈末 在 第届 联合国大会 上 发表演说 时 表明 马来西亚 无法 接受 以色列 公然 占领 巴勒斯坦 领土 作为 定居点 同时 侵占 耶路撒冷,年月日 马来西亚 首相 马哈迪 莫哈末 第届 联合国大会 发表演说 时 表明 马来西亚 无法 接受 以色列 公然 占领 巴勒斯坦 领土 作为 定居点 同时 侵占 耶路撒冷
p,2020年5月，巴勒斯坦总统马哈茂德·阿巴斯宣布与美国和以色列的所有协议无效[21]。不过在当年11月17日，巴方决定与以色列恢复双边安保和民事合作[22]。,年月巴勒斯坦总统马哈茂德阿巴斯宣布与美国和以色列的所有协议无效不过在当年月日巴方决定与以色列恢复双边安保和民事合作,年 月 巴勒斯坦 总统 马哈茂德 阿巴斯 宣布 与 美国 和 以色列 的 所有 协议 无效 不过 在 当 年月日 巴方 决定 与 以色列 恢复 双边 安保 和 民事 合作,年 月 巴勒斯坦 总统 马哈茂德 阿巴斯 宣布 与 美国 以色列 所有 协议 无效 不过 当 年月日 巴方 决定 与 以色列 恢复 双边 安保 民事 合作
p,火箭攻击以色列南部影片，2009年3月,火箭攻击以色列南部影片年月,火箭 攻击 以色列 南部 影片 年 月,火箭 攻击 以色列 南部 影片 年 月
p,阿卡桑火箭从加沙平民区向以色列南部发射，2009年1月,阿卡桑火箭从加沙平民区向以色列南部发射年月,阿卡 桑 火箭 从 加沙 平民 区 向 以色列 南部 发射 年 月,阿卡 桑 火箭 从 加沙 平民 区 向 以色列 南部 发射 年 月
p,2008年加沙战争期间，以色列对加沙的空袭,年加沙战争期间以色列对加沙的空袭,年 加沙 战争 期间 以色列 对 加沙 的 空袭,年 加沙 战争 期间 以色列 对 加沙 空袭
p,2021年5月7日，由于以色列最高法院准备审理驱逐东耶路撒冷谢赫杰拉区巴勒斯坦人出住处一案，加之以色列警方以防疫为理由，限制巴勒斯坦民众斋月期间前往圣殿山祈祷，引爆大规模冲突，以色列部队冲入阿克萨清真寺导致冲突升级。11日哈马斯向以色列中部城市特拉维夫发射火箭弹，以色列随即在加沙轰炸展开还击[23][24][25]。,年月日由于以色列最高法院准备审理驱逐东耶路撒冷谢赫杰拉区巴勒斯坦人出住处一案加之以色列警方以防疫为理由限制巴勒斯坦民众斋月期间前往圣殿山祈祷引爆大规模冲突以色列部队冲入阿克萨清真寺导致冲突升级日哈马斯向以色列中部城市特拉维夫发射火箭弹以色列随即在加沙轰炸展开还击,年月日 由于 以色列 最高法院 准备 审理 驱逐 东耶路撒冷 谢赫 杰拉 区 巴勒斯坦人 出 住处 一案 加之 以色列 警方 以 防疫 为 理由 限制 巴勒斯坦 民众 斋月 期间 前往 圣殿山 祈祷 引爆 大规模 冲突 以色列 部队 冲入 阿克萨清真寺 导致 冲突 升级 日 哈马斯 向 以色列 中部 城市 特拉维夫 发射 火箭弹 以色列 随即 在 加沙 轰炸 展开 还击,年月日 由于 以色列 最高法院 准备 审理 驱逐 东耶路撒冷 谢赫 杰拉 区 巴勒斯坦人 出 住处 一案 加之 以色列 警方 以 防疫 为 理由 限制 巴勒斯坦 民众 斋月 期间 前往 圣殿山 祈祷 引爆 大规模 冲突 以色列 部队 冲入 阿克萨清真寺 导致 冲突 升级 日 哈马斯 向 以色列 中部 城市 特拉维夫 发射 火箭弹 以色列 随即 加沙 轰炸 展开 还击
p,2022年8月5日，以色列国防军以“破晓行动”的名义向加沙地带的武装分子和基础设施发动空袭[26]。,年月日以色列国防军以破晓行动的名义向加沙地带的武装分子和基础设施发动空袭,年月日 以色列国防军 以 破晓 行动 的 名义 向 加沙 地带 的 武装 分子 和 基础设施 发动 空袭,年月日 以色列国防军 以 破晓 行动 名义 向 加沙 地带 武装 分子 基础设施 发动 空袭
p,2023年1月26日，以色列军方在杰宁市与巴勒斯坦武装分子发生冲突，导致至少9名巴勒斯坦人死亡、20人受伤，9名死者中包括1名年长妇女和8名男性。这起冲突成为杰宁镇20年来，死伤最严重的一次[27][28]。巴勒斯坦总统马哈茂德·阿巴斯宣布为遇难者哀悼三天。同时巴方决定中断与以方的安全协调。巴勒斯坦武装人员同时从加沙地带向以色列发射两枚火箭弹。1月27日，以军表示两枚火箭弹已被防空系统拦截[29]。,年月日以色列军方在杰宁市与巴勒斯坦武装分子发生冲突导致至少名巴勒斯坦人死亡人受伤名死者中包括名年长妇女和名男性这起冲突成为杰宁镇年来死伤最严重的一次巴勒斯坦总统马哈茂德阿巴斯宣布为遇难者哀悼三天同时巴方决定中断与以方的安全协调巴勒斯坦武装人员同时从加沙地带向以色列发射两枚火箭弹月日以军表示两枚火箭弹已被防空系统拦截,年月日 以色列 军方 在 杰宁市 与 巴勒斯坦 武装 分子 发生冲突 导致 至少 名 巴勒斯坦人 死亡 人 受伤 名 死者 中 包括 名 年长 妇女 和 名 男性 这起 冲突 成为 杰 宁镇 年 来 死伤 最 严重 的 一次 巴勒斯坦 总统 马哈茂德 阿巴斯 宣布 为 遇难者 哀悼 三天 同时 巴方 决定 中断 与 以方 的 安全 协调 巴勒斯坦 武装人员 同时 从 加沙 地带 向 以色列 发射 两枚 火箭弹 月 日 以军 表示 两枚 火箭弹 已 被 防空 系统 拦截,年月日 以色列 军方 杰宁市 与 巴勒斯坦 武装 分子 发生冲突 导致 至少 名 巴勒斯坦人 死亡 受伤 名 死者 中 包括 名 年长 妇女 名 男性 这起 冲突 成为 杰 宁镇 年 来 死伤 最 严重 一次 巴勒斯坦 总统 马哈茂德 阿巴斯 宣布 为 遇难者 哀悼 三天 同时 巴方 决定 中断 与 以方 安全 协调 巴勒斯坦 武装人员 同时 从 加沙 地带 向 以色列 发射 两枚 火箭弹 月 日 以军 表示 两枚 火箭弹 已 被 防空 系统 拦截
p,2023年2月22日晚，以色列军队对纳布卢斯发动突袭，造成11人死亡。[30]2月底，约旦河西岸北部城镇胡瓦拉有两名以色列人遭巴勒斯坦人枪杀，引发住在附近犹太定居点的以色列人不满。大批以色列人袭击巴勒斯坦人的住房，有多间住房和十多架汽车被人放火。袭击中有一名巴勒斯坦男子中枪身亡，4人严重受伤，近一百人吸入催泪气体接受治理。[31]同时以色列与巴勒斯坦官员在约旦会谈，承诺采取措施以缓解不断升级的暴力冲突。同时以色列承诺在未来4个月停止讨论建立任何新的定居点，并在未来6个月停止批准任何新的定居点。[32],年月日晚以色列军队对纳布卢斯发动突袭造成人死亡月底约旦河西岸北部城镇胡瓦拉有两名以色列人遭巴勒斯坦人枪杀引发住在附近犹太定居点的以色列人不满大批以色列人袭击巴勒斯坦人的住房有多间住房和十多架汽车被人放火袭击中有一名巴勒斯坦男子中枪身亡人严重受伤近一百人吸入催泪气体接受治理同时以色列与巴勒斯坦官员在约旦会谈承诺采取措施以缓解不断升级的暴力冲突同时以色列承诺在未来个月停止讨论建立任何新的定居点并在未来个月停止批准任何新的定居点,年月日 晚 以色列 军队 对 纳布卢斯 发动 突袭 造成 人 死亡 月底 约旦河西岸 北部 城镇 胡 瓦拉 有 两名 以色列 人遭 巴勒斯坦人 枪杀 引发 住 在 附近 犹太 定居点 的 以色列 人 不满 大批 以色列 人 袭击 巴勒斯坦人 的 住房 有多间 住房 和 十 多架 汽车 被 人 放火 袭击 中有 一名 巴勒斯坦 男子 中 枪 身亡 人 严重 受伤 近 一百 人 吸入 催泪 气体 接受 治理 同时 以色列 与 巴勒斯坦 官员 在 约旦 会谈 承诺 采取措施 以 缓解 不断 升级 的 暴力 冲突 同时 以色列 承诺 在 未来 个 月 停止 讨论 建立 任何 新 的 定居点 并 在 未来 个 月 停止 批准 任何 新 的 定居点,年月日 晚 以色列 军队 对 纳布卢斯 发动 突袭 造成 死亡 月底 约旦河西岸 北部 城镇 胡 瓦拉 两名 以色列 人遭 巴勒斯坦人 枪杀 引发 住 附近 犹太 定居点 以色列 不满 大批 以色列 袭击 巴勒斯坦人 住房 有多间 住房 十 多架 汽车 被 放火 袭击 中有 一名 巴勒斯坦 男子 中 枪 身亡 严重 受伤 近 一百 吸入 催泪 气体 接受 治理 同时 以色列 与 巴勒斯坦 官员 约旦 会谈 承诺 采取措施 以 缓解 不断 升级 暴力 冲突 同时 以色列 承诺 未来 个 月 停止 讨论 建立 任何 新 定居点 并 未来 个 月 停止 批准 任何 新 定居点
p,2023年3月7日，以军进入约旦河西岸杰宁难民营搜捕，期间与巴勒斯坦人发生冲突，导致6名巴勒斯坦人被以军击毙，另有26名巴勒斯坦人受伤。[33]3月9日，有3名巴勒斯坦人在杰宁被以色列军人打死。[34]4月6日，以色列军队对加沙地带发动空袭。[35],年月日以军进入约旦河西岸杰宁难民营搜捕期间与巴勒斯坦人发生冲突导致名巴勒斯坦人被以军击毙另有名巴勒斯坦人受伤月日有名巴勒斯坦人在杰宁被以色列军人打死月日以色列军队对加沙地带发动空袭,年月日 以军 进入 约旦河西岸 杰宁 难民营 搜捕 期间 与 巴勒斯坦人 发生冲突 导致 名 巴勒斯坦人 被 以军 击毙 另 有名 巴勒斯坦人 受伤 月 日 有名 巴勒斯坦人 在 杰宁 被 以色列 军人 打死 月 日 以色列 军队 对 加沙 地带 发动 空袭,年月日 以军 进入 约旦河西岸 杰宁 难民营 搜捕 期间 与 巴勒斯坦人 发生冲突 导致 名 巴勒斯坦人 被 以军 击毙 另 有名 巴勒斯坦人 受伤 月 日 有名 巴勒斯坦人 杰宁 被 以色列 军人 打死 月 日 以色列 军队 对 加沙 地带 发动 空袭
p,2023年5月9日凌晨起，以色列国防军出动战机空袭对加沙地带发动多轮空袭，截至5月11日，袭击已造成30人死亡，76人受伤。[36][36]死者中包括杰哈德的3名领导人。[37][38]以色列方面遭到火箭弹袭击，造成至少1人死亡。[39]5月12日下午，以色列国防军对加沙地带中部一处公寓发动空袭，造成包括一名杰哈德高级成员在内的多人死亡。[40]5月13日，杰哈德同以色列达成停火协议[41]。5月22日，巴勒斯坦卫生部表示，以色列军队在纳布卢斯打死3名巴勒斯坦人。[42],年月日凌晨起以色列国防军出动战机空袭对加沙地带发动多轮空袭截至月日袭击已造成人死亡人受伤死者中包括杰哈德的名领导人以色列方面遭到火箭弹袭击造成至少人死亡月日下午以色列国防军对加沙地带中部一处公寓发动空袭造成包括一名杰哈德高级成员在内的多人死亡月日杰哈德同以色列达成停火协议月日巴勒斯坦卫生部表示以色列军队在纳布卢斯打死名巴勒斯坦人,年月日 凌晨 起 以色列国防军 出动 战机 空袭 对 加沙 地带 发动 多轮 空袭 截至 月 日 袭击 已 造成 人 死亡 人 受伤 死者 中 包括 杰哈德 的 名 领导人 以色列 方面 遭到 火箭弹 袭击 造成 至少 人 死亡 月 日 下午 以色列国防军 对 加沙 地带 中部 一处 公寓 发动 空袭 造成 包括 一名 杰哈德 高级 成员 在内 的 多 人 死亡 月 日 杰哈德 同 以色列 达成 停火协议 月 日 巴勒斯坦 卫生部 表示 以色列 军队 在 纳布卢斯 打死 名 巴勒斯坦人,年月日 凌晨 起 以色列国防军 出动 战机 空袭 对 加沙 地带 发动 多轮 空袭 截至 月 日 袭击 已 造成 死亡 受伤 死者 中 包括 杰哈德 名 领导人 以色列 方面 遭到 火箭弹 袭击 造成 至少 死亡 月 日 下午 以色列国防军 对 加沙 地带 中部 一处 公寓 发动 空袭 造成 包括 一名 杰哈德 高级 成员 在内 多 死亡 月 日 杰哈德 同 以色列 达成 停火协议 月 日 巴勒斯坦 卫生部 表示 以色列 军队 纳布卢斯 打死 名 巴勒斯坦人
p,2023年6月19日，以色列突袭杰宁难民营，打死了包括一名儿童在内的5名巴勒斯坦人，另有691人受伤，其中包括7名以色列士兵。另外这也是以色列20年年来首次动用飞机轰炸约旦河西岸目标。[43],年月日以色列突袭杰宁难民营打死了包括一名儿童在内的名巴勒斯坦人另有人受伤其中包括名以色列士兵另外这也是以色列年年来首次动用飞机轰炸约旦河西岸目标,年月日 以色列 突袭 杰宁 难民营 打死 了 包括 一名 儿童 在内 的 名 巴勒斯坦人 另 有人 受伤 其中 包括 名 以色列 士兵 另外 这 也 是 以色列 年 年 来 首次 动用 飞机 轰炸 约旦河西岸 目标,年月日 以色列 突袭 杰宁 难民营 打死 包括 一名 儿童 在内 名 巴勒斯坦人 另 有人 受伤 其中 包括 名 以色列 士兵 另外 以色列 年 年 来 首次 动用 飞机 轰炸 约旦河西岸 目标
p,2023年6月20日，两名巴勒斯坦哈马斯武装人员在约旦河西岸的一处犹太人定居点开枪，造成4名以色列人死亡，另有4人受伤。两名袭击者被以军开枪打死。之后以色列国防军宣布向约旦河西岸增派兵力。同时大批犹太定居者攻击了位于约旦河西岸的多个巴勒斯坦城镇，冲突导致至少有30多名巴勒斯坦人受伤。[44],年月日两名巴勒斯坦哈马斯武装人员在约旦河西岸的一处犹太人定居点开枪造成名以色列人死亡另有人受伤两名袭击者被以军开枪打死之后以色列国防军宣布向约旦河西岸增派兵力同时大批犹太定居者攻击了位于约旦河西岸的多个巴勒斯坦城镇冲突导致至少有多名巴勒斯坦人受伤,年月日 两名 巴勒斯坦 哈马斯 武装人员 在 约旦河西岸 的 一处 犹太人 定居点 开枪 造成 名 以色列 人 死亡 另 有人 受伤 两名 袭击者 被 以军 开枪 打死 之后 以色列国防军 宣布 向 约旦河西岸 增派 兵力 同时 大批 犹太 定居者 攻击 了 位于 约旦河西岸 的 多个 巴勒斯坦 城镇 冲突 导致 至少 有 多名 巴勒斯坦人 受伤,年月日 两名 巴勒斯坦 哈马斯 武装人员 约旦河西岸 一处 犹太人 定居点 开枪 造成 名 以色列 死亡 另 有人 受伤 两名 袭击者 被 以军 开枪 打死 之后 以色列国防军 宣布 向 约旦河西岸 增派 兵力 同时 大批 犹太 定居者 攻击 位于 约旦河西岸 多个 巴勒斯坦 城镇 冲突 导致 至少 多名 巴勒斯坦人 受伤
p,2023年6月21日，以色列军方使用无人机对杰宁一辆汽车发动空袭，造成3名巴勒斯坦人死亡。这是以军2005年以来，首次在西岸地区利用无人机实施暗杀行动。[45],年月日以色列军方使用无人机对杰宁一辆汽车发动空袭造成名巴勒斯坦人死亡这是以军年以来首次在西岸地区利用无人机实施暗杀行动,年月日 以色列 军方 使用 无人机 对杰宁 一辆 汽车 发动 空袭 造成 名 巴勒斯坦人 死亡 这是 以军 年 以来 首次 在 西岸地区 利用 无人机 实施 暗杀 行动,年月日 以色列 军方 使用 无人机 对杰宁 一辆 汽车 发动 空袭 造成 名 巴勒斯坦人 死亡 这是 以军 年 以来 首次 西岸地区 利用 无人机 实施 暗杀 行动
p,2023年7月3日，以色列军队对杰宁难民营发起突袭，导致至少12名巴勒斯坦人死亡，140人受伤。[46][47]巴勒斯坦总统阿巴斯宣布中断与以方的联系和安全协调。[48]7月4日，特拉维夫北部一街区发生一起驾车袭击事件，造成7人受伤。袭击者被开枪打死。巴勒斯坦伊斯兰抵抗运动发表声明确认袭击者为该组织成员，称袭击目的是为报复以色列正在杰宁进行的大规模军事行动。[49]加沙地带有人朝以色列发射火箭弹。以色列战斗机随即朝加沙地带北部巴勒斯坦伊斯兰抵抗运动的一处地点以及加沙城以西的另一处地点发射导弹[50]。,年月日以色列军队对杰宁难民营发起突袭导致至少名巴勒斯坦人死亡人受伤巴勒斯坦总统阿巴斯宣布中断与以方的联系和安全协调月日特拉维夫北部一街区发生一起驾车袭击事件造成人受伤袭击者被开枪打死巴勒斯坦伊斯兰抵抗运动发表声明确认袭击者为该组织成员称袭击目的是为报复以色列正在杰宁进行的大规模军事行动加沙地带有人朝以色列发射火箭弹以色列战斗机随即朝加沙地带北部巴勒斯坦伊斯兰抵抗运动的一处地点以及加沙城以西的另一处地点发射导弹,年月日 以色列 军队 对杰宁 难民营 发起 突袭 导致 至少 名 巴勒斯坦人 死亡 人 受伤 巴勒斯坦 总统 阿巴斯 宣布 中断 与 以方 的 联系 和 安全 协调 月 日 特拉维夫 北部 一 街区 发生 一起 驾车 袭击 事件 造成 人 受伤 袭击者 被 开枪 打死 巴勒斯坦伊斯兰抵抗运动 发表声明 确认 袭击者 为 该 组织 成员 称 袭击 目的 是 为 报复 以色列 正在 杰宁 进行 的 大规模 军事行动 加沙 地带 有人 朝 以色列 发射 火箭弹 以色列 战斗机 随即 朝 加沙 地带 北部 巴勒斯坦伊斯兰抵抗运动 的 一处 地点 以及 加沙城 以西 的 另 一处 地点 发射 导弹,年月日 以色列 军队 对杰宁 难民营 发起 突袭 导致 至少 名 巴勒斯坦人 死亡 受伤 巴勒斯坦 总统 阿巴斯 宣布 中断 与 以方 联系 安全 协调 月 日 特拉维夫 北部 街区 发生 一起 驾车 袭击 事件 造成 受伤 袭击者 被 开枪 打死 巴勒斯坦伊斯兰抵抗运动 发表声明 确认 袭击者 为 该 组织 成员 称 袭击 目的 为 报复 以色列 正在 杰宁 进行 大规模 军事行动 加沙 地带 有人 朝 以色列 发射 火箭弹 以色列 战斗机 随即 朝 加沙 地带 北部 巴勒斯坦伊斯兰抵抗运动 一处 地点 以及 加沙城 以西 另 一处 地点 发射 导弹
p,"2023年10月7日（第四次中东战争五十周年纪念日），巴勒斯坦武装组织哈马斯由加沙地带发动代号“阿克萨洪水”的军事行动，发射逾5,000枚火箭弹袭击以色列并派员进入其南部领土。并俘虏了多名以色列国防军将领，以色列国防军随后向对方空袭予以还击，并发出“战争状态警报”。[51][52][53][54]，目前，以色列总理内塔尼亚胡敦促以色列人离开加沙，10月9日，以色列国防部长加兰特表示已下令全面包围加沙地带。",年月日第四次中东战争五十周年纪念日巴勒斯坦武装组织哈马斯由加沙地带发动代号阿克萨洪水的军事行动发射逾枚火箭弹袭击以色列并派员进入其南部领土并俘虏了多名以色列国防军将领以色列国防军随后向对方空袭予以还击并发出战争状态警报目前以色列总理内塔尼亚胡敦促以色列人离开加沙月日以色列国防部长加兰特表示已下令全面包围加沙地带,年月日 第四次 中东战争 五十周年 纪念日 巴勒斯坦 武装 组织 哈马斯 由 加沙 地带 发动 代号 阿克萨 洪水 的 军事行动 发射 逾枚 火箭弹 袭击 以色列 并 派员 进入 其 南部 领土 并 俘虏 了 多名 以色列国防军 将领 以色列国防军 随后 向 对方 空袭 予以 还击 并 发出 战争状态 警报 目前 以色列 总理 内塔尼亚胡 敦促 以色列 人 离开 加沙 月 日 以色列 国防部长 加 兰特 表示 已 下令 全面 包围 加沙 地带,年月日 第四次 中东战争 五十周年 纪念日 巴勒斯坦 武装 组织 哈马斯 由 加沙 地带 发动 代号 阿克萨 洪水 军事行动 发射 逾枚 火箭弹 袭击 以色列 并 派员 进入 其 南部 领土 并 俘虏 多名 以色列国防军 将领 以色列国防军 随后 向 对方 空袭 予以 还击 并 发出 战争状态 警报 目前 以色列 总理 内塔尼亚胡 敦促 以色列 离开 加沙 月 日 以色列 国防部长 加 兰特 表示 已 下令 全面 包围 加沙 地带
p,2023年10月18日，联合国安理会就巴以冲突举行了会议，对巴西提出的一份呼吁“实行人道主义暂时停火”的决议草案进行表决，12票赞成、1票反对和2票弃权。由于联合国常任理事国美国，使用了一票否决权，草案最终未能通过。[55],年月日联合国安理会就巴以冲突举行了会议对巴西提出的一份呼吁实行人道主义暂时停火的决议草案进行表决票赞成票反对和票弃权由于联合国常任理事国美国使用了一票否决权草案最终未能通过,年月日 联合国安理会 就 巴以 冲突 举行 了 会议 对 巴西 提出 的 一份 呼吁 实行 人道主义 暂时 停火 的 决议 草案 进行 表决 票 赞成票 反对 和 票 弃权 由于 联合国 常任理事 国 美国 使用 了 一票否决权 草案 最终 未能 通过,年月日 联合国安理会 巴以 冲突 举行 会议 对 巴西 提出 一份 呼吁 实行 人道主义 暂时 停火 决议 草案 进行 表决 票 赞成票 反对 票 弃权 由于 联合国 常任理事 国 美国 使用 一票否决权 草案 最终 未能 通过
p,2023年11月13日，以色列拒绝国际社会的停火呼声和示威浪潮，继续在加沙北部难民营对哈马斯武装分子发动进攻。加沙巴人政府称，在空袭中丧生的居民人数已上升至11180人，受伤人数超过28000人。[56],年月日以色列拒绝国际社会的停火呼声和示威浪潮继续在加沙北部难民营对哈马斯武装分子发动进攻加沙巴人政府称在空袭中丧生的居民人数已上升至人受伤人数超过人,年月日 以色列 拒绝 国际 社会 的 停火 呼声 和 示威 浪潮 继续 在 加沙 北部 难民营 对 哈马斯 武装 分子 发动 进攻 加沙 巴人 政府 称 在 空袭 中 丧生 的 居民 人数 已 上升 至人 受伤 人数 超过 人,年月日 以色列 拒绝 国际 社会 停火 呼声 示威 浪潮 继续 加沙 北部 难民营 对 哈马斯 武装 分子 发动 进攻 加沙 巴人 政府 称 空袭 中 丧生 居民 人数 已 上升 至人 受伤 人数 超过
h2,和平进程[编辑],和平进程编辑,和平 进程 编辑,和平 进程 编辑
p,在1991年，就在波斯湾战争之后，当美国总统乔治·H·W·布什在西班牙的马德里召开了一次被称作1991年马德里和平会议之后，突破性发展发生了。在主办国挪威，以色列和巴勒斯坦举行了一系列的秘密会谈。会后，巴解组织主席亚西尔·阿拉法特和以色列总理伊扎克·拉宾还有美国总统比尔·克林顿在白宫草坪上签署了奥斯陆协议。对于他们的努力，拉宾、阿拉法特和以色列外交部长西蒙·佩雷斯获授1994年度诺贝尔和平奖。,在年就在波斯湾战争之后当美国总统乔治布什在西班牙的马德里召开了一次被称作年马德里和平会议之后突破性发展发生了在主办国挪威以色列和巴勒斯坦举行了一系列的秘密会谈会后巴解组织主席亚西尔阿拉法特和以色列总理伊扎克拉宾还有美国总统比尔克林顿在白宫草坪上签署了奥斯陆协议对于他们的努力拉宾阿拉法特和以色列外交部长西蒙佩雷斯获授年度诺贝尔和平奖,在 年 就 在 波斯湾 战争 之后 当 美国 总统 乔治 布什 在 西班牙 的 马德里 召开 了 一次 被称作 年 马德里 和平 会议 之后 突破性 发展 发生 了 在 主办国 挪威 以色列 和 巴勒斯坦 举行 了 一系列 的 秘密 会谈 会后 巴解组织 主席 亚西尔 阿拉法特 和 以色列 总理 伊 扎克 拉宾 还有 美国 总统 比尔 克林顿 在 白宫 草坪 上 签署 了 奥斯陆 协议 对于 他们 的 努力 拉宾 阿拉法特 和 以色列 外交部长 西蒙 佩雷斯 获授 年度 诺贝尔和平奖,年 波斯湾 战争 之后 当 美国 总统 乔治 布什 西班牙 马德里 召开 一次 被称作 年 马德里 和平 会议 之后 突破性 发展 发生 主办国 挪威 以色列 巴勒斯坦 举行 一系列 秘密 会谈 会后 巴解组织 主席 亚西尔 阿拉法特 以色列 总理 伊 扎克 拉宾 还有 美国 总统 比尔 克林顿 白宫 草坪 签署 奥斯陆 协议 对于 他们 努力 拉宾 阿拉法特 以色列 外交部长 西蒙 佩雷斯 获授 年度 诺贝尔和平奖
p,在1995年拉宾被暗杀之后，和平进程减慢到几乎停止的地步。巴勒斯坦人在居住地上的生活程况没有改善，以色列定居点也没有拆除。并且，居住在西岸地区的巴勒斯坦人遭受到了来自巴勒斯坦军事组织的自杀式炸弹袭击，夹杂在以色列人的还击下，他们感觉无法生活下去了。,在年拉宾被暗杀之后和平进程减慢到几乎停止的地步巴勒斯坦人在居住地上的生活程况没有改善以色列定居点也没有拆除并且居住在西岸地区的巴勒斯坦人遭受到了来自巴勒斯坦军事组织的自杀式炸弹袭击夹杂在以色列人的还击下他们感觉无法生活下去了,在 年 拉宾 被 暗杀 之后 和平 进程 减慢 到 几乎 停止 的 地步 巴勒斯坦人 在 居住地 上 的 生活 程况 没有 改善 以色列 定居点 也 没有 拆除 并且 居住 在 西岸地区 的 巴勒斯坦人 遭受 到 了 来自 巴勒斯坦 军事 组织 的 自杀式 炸弹 袭击 夹杂 在 以色列 人 的 还击 下 他们 感觉 无法 生活 下去 了,年 拉宾 被 暗杀 之后 和平 进程 减慢 几乎 停止 地步 巴勒斯坦人 居住地 生活 程况 改善 以色列 定居点 拆除 并且 居住 西岸地区 巴勒斯坦人 遭受 来自 巴勒斯坦 军事 组织 自杀式 炸弹 袭击 夹杂 以色列 还击 下 他们 感觉 无法 生活 下去
p,2000年，美国总统克林顿召集了一次巴勒斯坦总统亚西尔·阿拉法特和以色列总理埃胡德·巴拉克之间的和平高峰会。以色列总理巴拉克称已经提供了巴勒斯坦人大约95%的有争执的领土，连同在东耶路撒冷上的巴勒斯坦主权。,年美国总统克林顿召集了一次巴勒斯坦总统亚西尔阿拉法特和以色列总理埃胡德巴拉克之间的和平高峰会以色列总理巴拉克称已经提供了巴勒斯坦人大约的有争执的领土连同在东耶路撒冷上的巴勒斯坦主权,年 美国 总统 克林顿 召集 了 一次 巴勒斯坦 总统 亚西尔 阿拉法特 和 以色列 总理 埃胡德 巴拉克 之间 的 和平 高峰会 以色列 总理 巴拉克 称 已经 提供 了 巴勒斯坦人 大约 的 有 争执 的 领土 连同 在 东耶路撒冷 上 的 巴勒斯坦 主权,年 美国 总统 克林顿 召集 一次 巴勒斯坦 总统 亚西尔 阿拉法特 以色列 总理 埃胡德 巴拉克 之间 和平 高峰会 以色列 总理 巴拉克 称 已经 提供 巴勒斯坦人 大约 争执 领土 连同 东耶路撒冷 巴勒斯坦 主权
p,但很多人说，巴拉克提及的69处犹太人定居点（包括85%的西岸犹太人）被划分给以色列，共计是10%的西岸区领土，巴拉克也提议“以色列临时控制”的另外的10%的西岸区是有争议的领土，这一个地区包括许多其他的犹太部落。剩余80%被提议的巴勒斯坦所属西岸地区被以色列公路旁的检查站所瓦解，因为这让巴勒斯坦人削弱他们自由地旅行在领土上旅行而且减少吸收巴勒斯坦难民的能力，尽管克林顿总统先生努力，阿拉法特仍抵制了这个提议并且和谈破裂。,但很多人说巴拉克提及的处犹太人定居点包括的西岸犹太人被划分给以色列共计是的西岸区领土巴拉克也提议以色列临时控制的另外的的西岸区是有争议的领土这一个地区包括许多其他的犹太部落剩余被提议的巴勒斯坦所属西岸地区被以色列公路旁的检查站所瓦解因为这让巴勒斯坦人削弱他们自由地旅行在领土上旅行而且减少吸收巴勒斯坦难民的能力尽管克林顿总统先生努力阿拉法特仍抵制了这个提议并且和谈破裂,但 很多 人 说 巴拉克 提及 的 处 犹太人 定居点 包括 的 西岸 犹太人 被 划分 给 以色列 共计 是 的 西岸 区 领土 巴拉克 也 提议 以色列 临时 控制 的 另外 的 的 西岸 区 是 有 争议 的 领土 这 一个 地区 包括 许多 其他 的 犹太 部落 剩余 被 提议 的 巴勒斯坦 所属 西岸地区 被 以色列 公路 旁 的 检查站 所 瓦解 因为 这 让 巴勒斯坦人 削弱 他们 自由 地 旅行 在 领土 上 旅行 而且 减少 吸收 巴勒斯坦 难民 的 能力 尽管 克林顿 总统 先生 努力 阿拉法特 仍 抵制 了 这个 提议 并且 和谈 破裂,但 很多 巴拉克 提及 处 犹太人 定居点 包括 西岸 犹太人 被 划分 给 以色列 共计 西岸 区 领土 巴拉克 提议 以色列 临时 控制 另外 西岸 区 争议 领土 地区 包括 许多 其他 犹太 部落 剩余 被 提议 巴勒斯坦 所属 西岸地区 被 以色列 公路 旁 检查站 所 瓦解 因为 让 巴勒斯坦人 削弱 他们 自由 地 旅行 领土 旅行 而且 减少 吸收 巴勒斯坦 难民 能力 尽管 克林顿 总统 先生 努力 阿拉法特 仍 抵制 这个 提议 并且 和谈 破裂
p,在2001年一月在Taba的协议稍后，以色列谈判者呈现了一个新的地图。建议移走“临时受以色列人管制的”地区，巴勒斯坦方面接受了这个提议。然而，巴拉克没有一个有利的位置来把这呈现给以色列的民众因为他的支持率很低还有西岸的公共暴行攻击，他没有作更多是要求。和谈并没有任何协议签署。之后，右翼联合党候选人沙龙在2001年2月当选为以色列总理。,在年一月在的协议稍后以色列谈判者呈现了一个新的地图建议移走临时受以色列人管制的地区巴勒斯坦方面接受了这个提议然而巴拉克没有一个有利的位置来把这呈现给以色列的民众因为他的支持率很低还有西岸的公共暴行攻击他没有作更多是要求和谈并没有任何协议签署之后右翼联合党候选人沙龙在年月当选为以色列总理,在 年 一月 在 的 协议 稍后 以色列 谈判者 呈现 了 一个 新 的 地图 建议 移走 临时 受 以色列 人 管制 的 地区 巴勒斯坦 方面 接受 了 这个 提议 然而 巴拉克 没有 一个 有利 的 位置 来 把 这 呈现 给 以色列 的 民众 因为 他 的 支持率 很 低 还有 西岸 的 公共 暴行 攻击 他 没有 作 更 多 是 要求 和谈 并 没有 任何 协议 签署 之后 右翼 联合党 候选人 沙龙 在 年 月 当选 为 以色列 总理,年 一月 协议 稍后 以色列 谈判者 呈现 新 地图 建议 移走 临时 受 以色列 管制 地区 巴勒斯坦 方面 接受 这个 提议 然而 巴拉克 有利 位置 来 把 呈现 给 以色列 民众 因为 他 支持率 低 还有 西岸 公共 暴行 攻击 他 作 更 多 要求 和谈 并 任何 协议 签署 之后 右翼 联合党 候选人 沙龙 年 月 当选 为 以色列 总理
h3,和平路线图[编辑],和平路线图编辑,和平 路线图 编辑,和平 路线图 编辑
p,在2002年7月，在美国的四方斡旋下，向欧盟、联合国和俄罗斯概略的说明了一个称作“和平路线图”的原理，它包括了一个中立的巴勒斯坦国。路线图在2003年四月会见首任巴勒斯坦当局总理阿巴斯后发布。美国和以色列为这个首任新总理上台高兴，他们两者都拒绝与阿拉法特进行和谈。,在年月在美国的四方斡旋下向欧盟联合国和俄罗斯概略的说明了一个称作和平路线图的原理它包括了一个中立的巴勒斯坦国路线图在年四月会见首任巴勒斯坦当局总理阿巴斯后发布美国和以色列为这个首任新总理上台高兴他们两者都拒绝与阿拉法特进行和谈,在 年 月 在 美国 的 四方 斡旋 下向 欧盟 联合国 和 俄罗斯 概略 的 说明 了 一个 称作 和平 路线图 的 原理 它 包括 了 一个 中立 的 巴勒斯坦国 路线图 在 年 四月 会见 首任 巴勒斯坦 当局 总理 阿巴斯 后 发布 美国 和 以色列 为 这个 首任 新 总理 上台 高兴 他们 两者 都 拒绝 与 阿拉法特 进行 和谈,年 月 美国 四方 斡旋 下向 欧盟 联合国 俄罗斯 概略 说明 称作 和平 路线图 原理 它 包括 中立 巴勒斯坦国 路线图 年 四月 会见 首任 巴勒斯坦 当局 总理 阿巴斯 后 发布 美国 以色列 为 这个 首任 新 总理 上台 高兴 他们 两者 拒绝 与 阿拉法特 进行 和谈
p,这个计划要求以色列和巴勒斯坦当局各自独立行动，暂时搁置争议直到能建立亲善关系为止。,这个计划要求以色列和巴勒斯坦当局各自独立行动暂时搁置争议直到能建立亲善关系为止,这个 计划 要求 以色列 和 巴勒斯坦 当局 各自 独立 行动 暂时 搁置 争议 直到 能 建立 亲善 关系 为止,这个 计划 要求 以色列 巴勒斯坦 当局 各自 独立 行动 暂时 搁置 争议 直到 能 建立 亲善 关系 为止
p,在成功当选之后，阿巴斯说他无法不挑起内战反对哈马斯。很清楚的是阿巴斯只控制了巴勒斯坦安全设施的一小部分，大部分依然由阿拉法特牢牢控制着。在2003年6月29日，哈马斯和回教讨伐异教徒组织同意了3个月的“hudna（英语：hudna）”（临时停火），附加条件是以色列停止暗杀巴勒斯坦领袖和停止处死被以色列管理拘留处释放的巴勒斯坦人。以色列则答应撤回在巴勒斯坦地区的一些军队但是不答应撤销它的暗杀行为。,在成功当选之后阿巴斯说他无法不挑起内战反对哈马斯很清楚的是阿巴斯只控制了巴勒斯坦安全设施的一小部分大部分依然由阿拉法特牢牢控制着在年月日哈马斯和回教讨伐异教徒组织同意了个月的英语临时停火附加条件是以色列停止暗杀巴勒斯坦领袖和停止处死被以色列管理拘留处释放的巴勒斯坦人以色列则答应撤回在巴勒斯坦地区的一些军队但是不答应撤销它的暗杀行为,在 成功 当选 之后 阿巴斯 说 他 无法 不 挑起 内战 反对 哈马斯 很 清楚 的 是 阿巴斯 只 控制 了 巴勒斯坦 安全 设施 的 一小部分 大部分 依然 由 阿拉法特 牢牢 控制 着 在 年月日 哈马斯 和 回教 讨伐 异教徒 组织 同意 了 个 月 的 英语 临时 停火 附加条件 是 以色列 停止 暗杀 巴勒斯坦 领袖 和 停止 处死 被 以色列 管理 拘留 处 释放 的 巴勒斯坦人 以色列 则 答应 撤回 在 巴勒斯坦地区 的 一些 军队 但是 不 答应 撤销 它 的 暗杀 行为,成功 当选 之后 阿巴斯 他 无法 挑起 内战 反对 哈马斯 清楚 阿巴斯 只 控制 巴勒斯坦 安全 设施 一小部分 大部分 依然 由 阿拉法特 牢牢 控制 年月日 哈马斯 回教 讨伐 异教徒 组织 同意 个 月 英语 临时 停火 附加条件 以色列 停止 暗杀 巴勒斯坦 领袖 停止 处死 被 以色列 管理 拘留 处 释放 巴勒斯坦人 以色列 则 答应 撤回 巴勒斯坦地区 一些 军队 但是 答应 撤销 它 暗杀 行为
p,大约6个星期之久，暴行行为真正的减少了：除了在边界。在8月12日hudna在快速被阐明之后。以色列暗杀了二名哈马斯战士和另外二个进入那布卢斯的人。隔天来自那不勒斯的一架哈马斯自杀式炸弹袭击者和一个回教讨伐异教徒组织的自杀式炸弹袭击者各杀了一个以色列人，并打伤数人。8月14日，以色列暗杀了穆罕默德播种者-回教讨伐异教徒组织领袖军事执行官希布伦。8月19日一个哈马斯自杀式炸弹袭击者杀死了34个刚刚在哭墙祈祷后坐公共汽车回来的犹太人。二天之后，以色列直升飞机杀了一个第4级别的哈马斯领袖分子，伊斯迈·阿布·夏那布。哈马斯和回教讨伐异教徒组织申明在现阶段与hudna脱离关系，虽然它实际上早已停止。接下来的几天，以色列直升飞机发射导弹攻击了哈马斯领导所在的加萨走廊。以色列突击队也在希布伦对寻找哈马斯头目阿贝达拉·库瓦萨马、阿默德·巴德和那不勒斯的穆罕莫德·哈那里目标。双方的行动都令其他民众意外伤亡。,大约个星期之久暴行行为真正的减少了除了在边界在月日在快速被阐明之后以色列暗杀了二名哈马斯战士和另外二个进入那布卢斯的人隔天来自那不勒斯的一架哈马斯自杀式炸弹袭击者和一个回教讨伐异教徒组织的自杀式炸弹袭击者各杀了一个以色列人并打伤数人月日以色列暗杀了穆罕默德播种者回教讨伐异教徒组织领袖军事执行官希布伦月日一个哈马斯自杀式炸弹袭击者杀死了个刚刚在哭墙祈祷后坐公共汽车回来的犹太人二天之后以色列直升飞机杀了一个第级别的哈马斯领袖分子伊斯迈阿布夏那布哈马斯和回教讨伐异教徒组织申明在现阶段与脱离关系虽然它实际上早已停止接下来的几天以色列直升飞机发射导弹攻击了哈马斯领导所在的加萨走廊以色列突击队也在希布伦对寻找哈马斯头目阿贝达拉库瓦萨马阿默德巴德和那不勒斯的穆罕莫德哈那里目标双方的行动都令其他民众意外伤亡,大约 个 星期 之 久 暴行 行为 真正 的 减少 了 除了 在 边界 在 月 日 在 快速 被 阐明 之后 以色列 暗杀 了 二名 哈马斯 战士 和 另外 二个 进入 那 布卢斯 的 人 隔天 来自 那不勒斯 的 一架 哈马斯 自杀式 炸弹 袭击者 和 一个 回教 讨伐 异教徒 组织 的 自杀式 炸弹 袭击者 各杀 了 一个 以色列 人 并 打伤 数人 月 日 以色列 暗杀 了 穆罕默德 播种者 回教 讨伐 异教徒 组织 领袖 军事 执行官 希布伦 月 日 一个 哈马斯 自杀式 炸弹 袭击者 杀死 了 个 刚刚 在 哭墙 祈祷 后坐 公共汽车 回来 的 犹太人 二天 之后 以色列 直升飞机 杀 了 一个 第 级别 的 哈马斯 领袖 分子 伊斯 迈阿布 夏 那布 哈马斯 和 回教 讨伐 异教徒 组织 申明 在 现阶段 与 脱离关系 虽然 它 实际上 早已 停止 接下来 的 几天 以色列 直升飞机 发射 导弹 攻击 了 哈马斯 领导 所在 的 加萨走廊 以色列 突击队 也 在 希布伦 对 寻找 哈马斯 头目 阿贝 达拉 库瓦萨马 阿 默德 巴德 和 那不勒斯 的 穆罕 莫德哈 那里 目标 双方 的 行动 都 令 其他 民众 意外 伤亡,大约 个 星期 之 久 暴行 行为 真正 减少 除了 边界 月 日 快速 被 阐明 之后 以色列 暗杀 二名 哈马斯 战士 另外 二个 进入 那 布卢斯 隔天 来自 那不勒斯 一架 哈马斯 自杀式 炸弹 袭击者 回教 讨伐 异教徒 组织 自杀式 炸弹 袭击者 各杀 以色列 并 打伤 数人 月 日 以色列 暗杀 穆罕默德 播种者 回教 讨伐 异教徒 组织 领袖 军事 执行官 希布伦 月 日 哈马斯 自杀式 炸弹 袭击者 杀死 个 刚刚 哭墙 祈祷 后坐 公共汽车 回来 犹太人 二天 之后 以色列 直升飞机 杀 第 级别 哈马斯 领袖 分子 伊斯 迈阿布 夏 那布 哈马斯 回教 讨伐 异教徒 组织 申明 现阶段 与 脱离关系 虽然 它 实际上 早已 停止 接下来 几天 以色列 直升飞机 发射 导弹 攻击 哈马斯 领导 所在 加萨走廊 以色列 突击队 希布伦 对 寻找 哈马斯 头目 阿贝 达拉 库瓦萨马 阿 默德 巴德 那不勒斯 穆罕 莫德哈 那里 目标 双方 行动 令 其他 民众 意外 伤亡
p,巴勒斯坦武装法塔赫活跃份子公然地威胁要杀死阿巴斯。阿巴斯没有从阿拉法特那得到权利去执行和平路线图的任何一个方面。在他的下台[需要解释]演讲中，阿巴斯把他的失败归咎于同时缺乏来自巴勒斯坦的当局和民众的政治支持。,巴勒斯坦武装法塔赫活跃份子公然地威胁要杀死阿巴斯阿巴斯没有从阿拉法特那得到权利去执行和平路线图的任何一个方面在他的下台需要解释演讲中阿巴斯把他的失败归咎于同时缺乏来自巴勒斯坦的当局和民众的政治支持,巴勒斯坦 武装 法塔赫 活跃 份子 公然 地 威胁 要 杀死 阿巴斯 阿巴斯 没有 从 阿拉法特 那 得到 权利 去 执行 和平 路线图 的 任何 一个 方面 在 他 的 下台 需要 解释 演讲 中 阿巴斯 把 他 的 失败 归咎于 同时 缺乏 来自 巴勒斯坦 的 当局 和 民众 的 政治 支持,巴勒斯坦 武装 法塔赫 活跃 份子 公然 地 威胁 杀死 阿巴斯 阿巴斯 从 阿拉法特 那 得到 权利 执行 和平 路线图 任何 方面 他 下台 需要 解释 演讲 中 阿巴斯 把 他 失败 归咎于 同时 缺乏 来自 巴勒斯坦 当局 民众 政治 支持
h3,更变的和平提议[编辑],更变的和平提议编辑,更变 的 和平 提议 编辑,更变 和平 提议 编辑
p,借由困难的路线图计划，压力促使去找寻一个替代方案代替。在2003年12月7日，以色列的艾胡德·奥尔默特提议单方面的大规模从西岸地区和加萨走廊撤出，放弃一些犹太人的定居点和一些领土。这行为被解释为沙龙的试验行为，他在12月18日对巴勒斯坦当局的演讲中给巴勒斯坦当局在以色列采取“单方面行动”之前“几个月”时间去落实路线图计划。演讲被美国政府强烈批评，美国警告说反对先发制人的夺取路线图成果。为了以色列人的利益，这应是以以色列人民对安全的关心和达成互惠让步的需要应当作为交换的。,借由困难的路线图计划压力促使去找寻一个替代方案代替在年月日以色列的艾胡德奥尔默特提议单方面的大规模从西岸地区和加萨走廊撤出放弃一些犹太人的定居点和一些领土这行为被解释为沙龙的试验行为他在月日对巴勒斯坦当局的演讲中给巴勒斯坦当局在以色列采取单方面行动之前几个月时间去落实路线图计划演讲被美国政府强烈批评美国警告说反对先发制人的夺取路线图成果为了以色列人的利益这应是以以色列人民对安全的关心和达成互惠让步的需要应当作为交换的,借由 困难 的 路线图 计划 压力 促使 去 找寻 一个 替代 方案 代替 在 年月日 以色列 的 艾胡 德奥 尔默特 提议 单方面 的 大规模 从 西岸地区 和 加萨走廊 撤出 放弃 一些 犹太人 的 定居点 和 一些 领土 这 行为 被 解释 为 沙龙 的 试验 行为 他 在 月 日 对 巴勒斯坦 当局 的 演讲 中 给 巴勒斯坦 当局 在 以色列 采取 单方面 行动 之前 几个 月 时间 去 落实 路线图 计划 演讲 被 美国政府 强烈 批评 美国 警告 说 反对 先发制人 的 夺取 路线图 成果 为了 以色列 人 的 利益 这应 是 以 以色列 人民 对 安全 的 关心 和 达成 互惠 让步 的 需要 应当 作为 交换 的,借由 困难 路线图 计划 压力 促使 找寻 替代 方案 代替 年月日 以色列 艾胡 德奥 尔默特 提议 单方面 大规模 从 西岸地区 加萨走廊 撤出 放弃 一些 犹太人 定居点 一些 领土 行为 被 解释 为 沙龙 试验 行为 他 月 日 对 巴勒斯坦 当局 演讲 中 给 巴勒斯坦 当局 以色列 采取 单方面 行动 之前 几个 月 时间 落实 路线图 计划 演讲 被 美国政府 强烈 批评 美国 警告 反对 先发制人 夺取 路线图 成果 为了 以色列 利益 这应 以 以色列 人民 对 安全 关心 达成 互惠 让步 需要 应当 作为 交换
p,"另外的一组两年半的谈判是由前以色列前司法部长约希·贝林和前巴勒斯坦新闻局部长亚瑟·阿贝德·拉波秘密举行的。12月1日，二个当事人在日内瓦（称为日内瓦协定）为和平签署发表了一个非正式的蓝图，它为解决冲突制定了基本的架构。它的最终目标与路线图计划没有太大的不同,但是它解决问题采取了“大爆炸”的方法而不愿采取一个按部就班的方法。它被以色列政府和许多巴勒斯坦人谴责发对，巴勒斯坦当局对其不置可否，但是它被许多欧洲政府和布什政府的重要成员包括美国国务卿科林·鲍威尔所欢迎。",另外的一组两年半的谈判是由前以色列前司法部长约希贝林和前巴勒斯坦新闻局部长亚瑟阿贝德拉波秘密举行的月日二个当事人在日内瓦称为日内瓦协定为和平签署发表了一个非正式的蓝图它为解决冲突制定了基本的架构它的最终目标与路线图计划没有太大的不同但是它解决问题采取了大爆炸的方法而不愿采取一个按部就班的方法它被以色列政府和许多巴勒斯坦人谴责发对巴勒斯坦当局对其不置可否但是它被许多欧洲政府和布什政府的重要成员包括美国国务卿科林鲍威尔所欢迎,另外 的 一组 两年 半 的 谈判 是 由 前 以色列 前 司法部长 约 希贝林 和 前 巴勒斯坦 新闻局 部长 亚瑟 阿贝 德拉 波 秘密 举行 的 月 日 二个 当事人 在 日内瓦 称为 日内瓦 协定 为 和平 签署 发表 了 一个 非正式 的 蓝图 它 为 解决 冲突 制定 了 基本 的 架构 它 的 最终目标 与 路线图 计划 没有 太大 的 不同 但是 它 解决问题 采取 了 大 爆炸 的 方法 而 不愿 采取 一个 按部就班 的 方法 它 被 以色列政府 和 许多 巴勒斯坦人 谴责 发对 巴勒斯坦 当局 对 其 不置可否 但是 它 被 许多 欧洲 政府 和 布什 政府 的 重要 成员 包括 美国 国务卿 科林 鲍威尔 所 欢迎,另外 一组 两年 半 谈判 由 前 以色列 前 司法部长 约 希贝林 前 巴勒斯坦 新闻局 部长 亚瑟 阿贝 德拉 波 秘密 举行 月 日 二个 当事人 日内瓦 称为 日内瓦 协定 为 和平 签署 发表 非正式 蓝图 它 为 解决 冲突 制定 基本 架构 它 最终目标 与 路线图 计划 太大 不同 但是 它 解决问题 采取 大 爆炸 方法 而 不愿 采取 按部就班 方法 它 被 以色列政府 许多 巴勒斯坦人 谴责 发对 巴勒斯坦 当局 对 其 不置可否 但是 它 被 许多 欧洲 政府 布什 政府 重要 成员 包括 美国 国务卿 科林 鲍威尔 所 欢迎
p,另外一个以色列内外人士所提议的方案是“一国方案”。这个方案准备以色列先正式地并吞巴勒斯坦领土，然后建立一个不可分割的单一的巴勒斯坦阿拉伯人自治州。纽约教授托尼·朱特支持该方案，对这个建议既有表示赞同的也有表示指责的。实际上它并不是一个新主意，它早在1920年代就存在，但是因为阿拉伯人口数量在以色列领土的突飞猛进而受到越来越多到重视。一些以色列定居者及许多阿拉伯裔以色列人亦支持这个方案，他们希望以色列可以永远地合法拥有西岸地区和加萨走廊，而阿拉伯裔以色列人则宁愿被歧视他们的以色列统治、也不要被腐败暴力的哈玛斯及法塔赫统治，况且阿拉伯裔以色列人可以借由并吞巴勒斯坦来获得大势力。考虑到大量的人口和政治问题可能升级，而且犹太人会担心这样可以借由公投、将以色列给改名成巴勒斯坦，无论如何，它似乎对问题未必会有真正的解决。,另外一个以色列内外人士所提议的方案是一国方案这个方案准备以色列先正式地并吞巴勒斯坦领土然后建立一个不可分割的单一的巴勒斯坦阿拉伯人自治州纽约教授托尼朱特支持该方案对这个建议既有表示赞同的也有表示指责的实际上它并不是一个新主意它早在年代就存在但是因为阿拉伯人口数量在以色列领土的突飞猛进而受到越来越多到重视一些以色列定居者及许多阿拉伯裔以色列人亦支持这个方案他们希望以色列可以永远地合法拥有西岸地区和加萨走廊而阿拉伯裔以色列人则宁愿被歧视他们的以色列统治也不要被腐败暴力的哈玛斯及法塔赫统治况且阿拉伯裔以色列人可以借由并吞巴勒斯坦来获得大势力考虑到大量的人口和政治问题可能升级而且犹太人会担心这样可以借由公投将以色列给改名成巴勒斯坦无论如何它似乎对问题未必会有真正的解决,另外 一个 以色列 内外 人士 所 提议 的 方案 是 一国 方案 这个 方案 准备 以色列 先 正式 地 并吞 巴勒斯坦 领土 然后 建立 一个 不可分割 的 单一 的 巴勒斯坦 阿拉伯人 自治州 纽约 教授 托尼 朱特 支持 该 方案 对 这个 建议 既有 表示 赞同 的 也 有 表示 指责 的 实际上 它 并 不是 一个 新 主意 它 早 在 年代 就 存在 但是 因为 阿拉伯 人口数量 在 以色列 领土 的 突飞猛进 而 受到 越来越 多到 重视 一些 以色列 定居者 及 许多 阿拉伯 裔 以色列 人 亦 支持 这个 方案 他们 希望 以色列 可以 永远 地 合法 拥有 西岸地区 和 加萨走廊 而 阿拉伯 裔 以色列 人则 宁愿 被 歧视 他们 的 以色列 统治 也 不要 被 腐败 暴力 的 哈玛斯及 法塔赫 统治 况且 阿拉伯 裔 以色列 人 可以 借由 并吞 巴勒斯坦 来 获得 大 势力 考虑 到 大量 的 人口 和 政治 问题 可能 升级 而且 犹太人 会 担心 这样 可以 借由 公投 将 以色列 给 改名 成 巴勒斯坦 无论如何 它 似乎 对 问题 未必 会 有 真正 的 解决,另外 以色列 内外 人士 所 提议 方案 一国 方案 这个 方案 准备 以色列 先 正式 地 并吞 巴勒斯坦 领土 然后 建立 不可分割 单一 巴勒斯坦 阿拉伯人 自治州 纽约 教授 托尼 朱特 支持 该 方案 对 这个 建议 既有 表示 赞同 表示 指责 实际上 它 并 不是 新 主意 它 早 年代 存在 但是 因为 阿拉伯 人口数量 以色列 领土 突飞猛进 而 受到 越来越 多到 重视 一些 以色列 定居者 及 许多 阿拉伯 裔 以色列 亦 支持 这个 方案 他们 希望 以色列 可以 永远 地 合法 拥有 西岸地区 加萨走廊 而 阿拉伯 裔 以色列 人则 宁愿 被 歧视 他们 以色列 统治 不要 被 腐败 暴力 哈玛斯及 法塔赫 统治 况且 阿拉伯 裔 以色列 可以 借由 并吞 巴勒斯坦 来 获得 大 势力 考虑 大量 人口 政治 问题 可能 升级 而且 犹太人 担心 这样 可以 借由 公投 将 以色列 给 改名 成 巴勒斯坦 无论如何 它 似乎 对 问题 未必 真正 解决
p,最近的方案是三国方案，这个方案是放弃建立巴勒斯坦国，而将约旦河西岸并入约旦，加沙地带并入埃及。优点在于埃及及约旦对以色列来说是温和的邻居，而约旦河西岸及加沙地带会有比较好的发展，而且严格来说这样巴勒斯坦国只是改名成约旦；其缺点是约旦无法负担对约旦河西岸的管治，以色列及埃及都害怕穆斯林兄弟会因而得势，也会惹到巴勒斯坦民族主义。,最近的方案是三国方案这个方案是放弃建立巴勒斯坦国而将约旦河西岸并入约旦加沙地带并入埃及优点在于埃及及约旦对以色列来说是温和的邻居而约旦河西岸及加沙地带会有比较好的发展而且严格来说这样巴勒斯坦国只是改名成约旦其缺点是约旦无法负担对约旦河西岸的管治以色列及埃及都害怕穆斯林兄弟会因而得势也会惹到巴勒斯坦民族主义,最近 的 方案 是 三国 方案 这个 方案 是 放弃 建立 巴勒斯坦国 而 将 约旦河西岸 并入 约旦 加沙 地带 并入 埃及 优点 在于 埃及 及 约旦 对 以色列 来说 是 温和 的 邻居 而 约旦河西岸 及 加沙 地带 会 有 比较 好 的 发展 而且 严格来说 这样 巴勒斯坦国 只是 改名 成 约旦 其 缺点 是 约旦 无法 负担 对 约旦河西岸 的 管治 以色列 及 埃及 都 害怕 穆斯林 兄弟会 因而 得势 也 会 惹 到 巴勒斯坦 民族主义,最近 方案 三国 方案 这个 方案 放弃 建立 巴勒斯坦国 而 将 约旦河西岸 并入 约旦 加沙 地带 并入 埃及 优点 在于 埃及 及 约旦 对 以色列 来说 温和 邻居 而 约旦河西岸 及 加沙 地带 比较 发展 而且 严格来说 这样 巴勒斯坦国 只是 改名 成 约旦 其 缺点 约旦 无法 负担 对 约旦河西岸 管治 以色列 及 埃及 害怕 穆斯林 兄弟会 因而 得势 惹 巴勒斯坦 民族主义
h3,重开巴以和谈[编辑],重开巴以和谈编辑,重开 巴 以 和谈 编辑,重开 巴 以 和谈 编辑
p,2013年7月29日，以色列和巴勒斯坦代表星期一在美国首都华盛顿与美国国务卿克里共进晚餐，重启巴以和谈。这是巴以和谈中断三年以来双方代表首次重归谈判桌，然最后谈判破裂以色列和美国开始对巴勒斯坦地区施加软性经济制裁至今。[57],年月日以色列和巴勒斯坦代表星期一在美国首都华盛顿与美国国务卿克里共进晚餐重启巴以和谈这是巴以和谈中断三年以来双方代表首次重归谈判桌然最后谈判破裂以色列和美国开始对巴勒斯坦地区施加软性经济制裁至今,年月日 以色列 和 巴勒斯坦 代表 星期一 在 美国 首都 华盛顿 与 美国 国务卿 克里 共 进晚餐 重启 巴 以 和谈 这是 巴以 和谈 中断 三年 以来 双方 代表 首次 重归 谈判桌 然 最后 谈判 破裂 以色列 和 美国 开始 对 巴勒斯坦地区 施加 软性 经济制裁 至今,年月日 以色列 巴勒斯坦 代表 星期一 美国 首都 华盛顿 与 美国 国务卿 克里 共 进晚餐 重启 巴 以 和谈 这是 巴以 和谈 中断 三年 以来 双方 代表 首次 重归 谈判桌 然 最后 谈判 破裂 以色列 美国 开始 对 巴勒斯坦地区 施加 软性 经济制裁 至今
p,2016年美国唐纳德·特朗普总统上台后开始主导推翻民主党时期中东政策，并单方撕毁伊朗核协议，同时以犹太女婿贾里德·库什纳主导下开始一份名为“世纪协议”的巴以问题方案，[58]该方案主轴非常简单也就是继续加大对巴方经济制裁提升其民众痛苦，之后在极限施压下承诺以大量经济援助交换巴放弃一切政治要求，其策划主体为提供巨量经济投资让10年内巴勒斯坦地区GDP上升一倍，失业率降至10，设立50间医院等，但必须放弃建国立场、放弃一切武力装备[59]、放弃耶路撒冷、放弃以色列占领区等，而经济投资资金由沙特一派国家出资大部分，美国私人公司视情况投资部分，这一部分交换条件为美国出兵消灭伊朗政权，或至少消灭其核武计划设施。[60],年美国唐纳德特朗普总统上台后开始主导推翻民主党时期中东政策并单方撕毁伊朗核协议同时以犹太女婿贾里德库什纳主导下开始一份名为世纪协议的巴以问题方案该方案主轴非常简单也就是继续加大对巴方经济制裁提升其民众痛苦之后在极限施压下承诺以大量经济援助交换巴放弃一切政治要求其策划主体为提供巨量经济投资让年内巴勒斯坦地区上升一倍失业率降至设立间医院等但必须放弃建国立场放弃一切武力装备放弃耶路撒冷放弃以色列占领区等而经济投资资金由沙特一派国家出资大部分美国私人公司视情况投资部分这一部分交换条件为美国出兵消灭伊朗政权或至少消灭其核武计划设施,年 美国 唐纳德 特朗普 总统 上台 后 开始 主导 推翻 民主党 时期 中东 政策 并 单方 撕毁 伊朗核 协议 同时 以 犹太 女婿 贾 里德 库什 纳 主导 下 开始 一份 名为 世纪 协议 的 巴以 问题 方案 该 方案 主轴 非常简单 也 就是 继续 加大 对巴方 经济制裁 提升 其 民众 痛苦 之后 在 极限 施压 下 承诺 以 大量 经济援助 交换 巴 放弃 一切 政治 要求 其 策划 主体 为 提供 巨量 经济 投资 让 年内 巴勒斯坦地区 上升 一倍 失业率 降 至 设立 间 医院 等 但 必须 放弃 建国 立场 放弃 一切 武力 装备 放弃 耶路撒冷 放弃 以色列 占领区 等 而 经济 投资 资金 由 沙特 一派 国家 出资 大部分 美国 私人 公司 视 情况 投资 部分 这 一部分 交换条件 为 美国 出兵 消灭 伊朗 政权 或 至少 消灭 其 核武 计划 设施,年 美国 唐纳德 特朗普 总统 上台 后 开始 主导 推翻 民主党 时期 中东 政策 并 单方 撕毁 伊朗核 协议 同时 以 犹太 女婿 贾 里德 库什 纳 主导 下 开始 一份 名为 世纪 协议 巴以 问题 方案 该 方案 主轴 非常简单 就是 继续 加大 对巴方 经济制裁 提升 其 民众 痛苦 之后 极限 施压 下 承诺 以 大量 经济援助 交换 巴 放弃 一切 政治 要求 其 策划 主体 为 提供 巨量 经济 投资 让 年内 巴勒斯坦地区 上升 一倍 失业率 降 至 设立 间 医院 等 但 必须 放弃 建国 立场 放弃 一切 武力 装备 放弃 耶路撒冷 放弃 以色列 占领区 等 而 经济 投资 资金 由 沙特 一派 国家 出资 大部分 美国 私人 公司 视 情况 投资 部分 一部分 交换条件 为 美国 出兵 消灭 伊朗 政权 或 至少 消灭 其 核武 计划 设施
p,巴勒斯坦总统阿巴斯在第一时间声明不会参与此“世纪协议”任何讨论，并认为计划本身“荒谬可悲”，根本毫无约束力能强制美国守约做到其给予的油水，同时主权与意识形态不是可交易商品，不会看在钱的角度卖掉圣城耶路撒冷[60]。同时，美国本土的学者，曾担任美驻埃及和以色列大使的普林斯顿大学教授库尔泽发推特文表示，看完这特朗普女婿筹画两年的世纪计划，若是一张本科生考卷他只能给个“C”。有人[谁？]认为，从他的评论可看出“整群撰写者都是对中东一无所知甚至从没去过的人”，“中东问题若是如此简易便不会成为超过半世纪以来多国外交菁英都无解的死题”。,巴勒斯坦总统阿巴斯在第一时间声明不会参与此世纪协议任何讨论并认为计划本身荒谬可悲根本毫无约束力能强制美国守约做到其给予的油水同时主权与意识形态不是可交易商品不会看在钱的角度卖掉圣城耶路撒冷同时美国本土的学者曾担任美驻埃及和以色列大使的普林斯顿大学教授库尔泽发推特文表示看完这特朗普女婿筹画两年的世纪计划若是一张本科生考卷他只能给个有人谁认为从他的评论可看出整群撰写者都是对中东一无所知甚至从没去过的人中东问题若是如此简易便不会成为超过半世纪以来多国外交菁英都无解的死题,巴勒斯坦 总统 阿巴斯 在 第一 时间 声明 不会 参与 此 世纪 协议 任何 讨论 并 认为 计划 本身 荒谬 可悲 根本 毫无 约束力 能 强制 美国 守约 做到 其 给予 的 油水 同时 主权 与 意识形态 不是 可 交易 商品 不会 看 在 钱 的 角度 卖掉 圣城 耶路撒冷 同时 美国 本土 的 学者 曾 担任 美驻 埃及 和 以色列 大使 的 普林斯顿大学 教授 库尔 泽发 推特文 表示 看 完 这 特朗普 女婿 筹画 两年 的 世纪 计划 若 是 一张 本科生 考卷 他 只能 给 个 有人 谁 认为 从 他 的 评论 可 看出 整群 撰写 者 都 是 对 中东 一无所知 甚至 从没 去过 的 人 中东问题 若 是 如此 简易 便 不会 成为 超过 半世纪 以来 多 国 外交 菁英 都 无解 的 死题,巴勒斯坦 总统 阿巴斯 第一 时间 声明 不会 参与 此 世纪 协议 任何 讨论 并 认为 计划 本身 荒谬 可悲 根本 毫无 约束力 能 强制 美国 守约 做到 其 给予 油水 同时 主权 与 意识形态 不是 可 交易 商品 不会 钱 角度 卖掉 圣城 耶路撒冷 同时 美国 本土 学者 曾 担任 美驻 埃及 以色列 大使 普林斯顿大学 教授 库尔 泽发 推特文 表示 完 特朗普 女婿 筹画 两年 世纪 计划 若 一张 本科生 考卷 他 只能 给 个 有人 谁 认为 从 他 评论 可 看出 整群 撰写 者 对 中东 一无所知 甚至 从没 去过 中东问题 若 如此 简易 便 不会 成为 超过 半世纪 以来 多 国 外交 菁英 无解 死题
h2,参见[编辑],参见编辑,参见 编辑,参见 编辑
h3,各民族[编辑],各民族编辑,各 民族 编辑,各 民族 编辑
h3,各宗教[编辑],各宗教编辑,各 宗教 编辑,各 宗教 编辑
h3,各地理区域[编辑],各地理区域编辑,各 地理 区域 编辑,各 地理 区域 编辑
h3,各地点[编辑],各地点编辑,各地 点 编辑,各地 点 编辑
h3,各段历史[编辑],各段历史编辑,各段 历史 编辑,各段 历史 编辑
h3,各意识形态[编辑],各意识形态编辑,各 意识形态 编辑,各 意识形态 编辑
h3,各方武装势力[编辑],各方武装势力编辑,各方 武装 势力 编辑,各方 武装 势力 编辑
h3,各方人物[编辑],各方人物编辑,各方 人物 编辑,各方 人物 编辑
h4,以色列人[编辑],以色列人编辑,以色列 人 编辑,以色列 编辑
h4,巴勒斯坦人[编辑],巴勒斯坦人编辑,巴勒斯坦人 编辑,巴勒斯坦人 编辑
h2,参考文献[编辑],参考文献编辑,参考文献 编辑,参考文献 编辑
h2,外部链接[编辑],外部链接编辑,外部 链接 编辑,外部 链接 编辑
p,'Link directories',,,
