title,link,pubDate,text_cleaned,text_processed
Israel-Hamas war live: Gaza crisis deepens amid intense Israeli attacks | Israel-Palestine conflict News - Al Jazeera English,https://news.google.com/rss/articles/CBMid2h0dHBzOi8vd3d3LmFsamF6ZWVyYS5jb20vbmV3cy9saXZlYmxvZy8yMDIzLzEyLzYvaXNyYWVsLWhhbWFzLXdhci1saXZlLWdhemEtZGVhdGgtdG9sbC1jbGltYnMtYXMtaXNyYWVsLXBvdW5kcy1lbmNsYXZl0gEA?oc=5,"Wed, 06 Dec 2023 06:28:16 GMT",israelhamas war live gaza crisis deepens amid intense israeli attacks  israelpalestine conflict news  al jazeera english,israelhamas war live gaza crisis deepens amid intense israeli attacks israelpalestine conflict news al jazeera english
Kalki Koechlin leaves X amid Israel-Palestine conflict: Hate and disinformation… - India Today,https://news.google.com/rss/articles/CBMiqgFodHRwczovL3d3dy5pbmRpYXRvZGF5LmluL21vdmllcy9jZWxlYnJpdGllcy9zdG9yeS9rYWxraS1rb2VjaGxpbi1sZWF2ZXMteC1hbWlkLWlzcmFlbC1wYWxlc3RpbmUtY29uZmxpY3QtaGF0ZS1hbmQtZGlzaW5mb3JtYXRpb24taS1oYXZlLWVub3VnaC1vZi10aGlzLTI0NzI2MjUtMjAyMy0xMi0wNtIBrgFodHRwczovL3d3dy5pbmRpYXRvZGF5LmluL2FtcC9tb3ZpZXMvY2VsZWJyaXRpZXMvc3Rvcnkva2Fsa2kta29lY2hsaW4tbGVhdmVzLXgtYW1pZC1pc3JhZWwtcGFsZXN0aW5lLWNvbmZsaWN0LWhhdGUtYW5kLWRpc2luZm9ybWF0aW9uLWktaGF2ZS1lbm91Z2gtb2YtdGhpcy0yNDcyNjI1LTIwMjMtMTItMDY?oc=5,"Wed, 06 Dec 2023 08:00:53 GMT",kalki koechlin leaves x amid israelpalestine conflict hate and disinformation  india today,kalki koechlin leaves x amid israelpalestine conflict hate disinformation india today
Ambassadors to bring expert insight on Israeli-Palestinian conflict to Maine - Press Herald,https://news.google.com/rss/articles/CBMibWh0dHBzOi8vd3d3LnByZXNzaGVyYWxkLmNvbS8yMDIzLzEyLzA0L2FtYmFzc2Fkb3JzLXRvLWJyaW5nLWV4cGVydC1pbnNpZ2h0LWludG8taXNyYWVsaS1wYWxlc3Rpbmlhbi1jb25mbGljdC_SAQA?oc=5,"Mon, 04 Dec 2023 09:00:32 GMT",ambassadors to bring expert insight on israelipalestinian conflict to maine  press herald,ambassadors bring expert insight israelipalestinian conflict maine press herald
Israel Hamas war updates: Ground troops reach city in south Gaza - USA TODAY,https://news.google.com/rss/articles/CBMicWh0dHBzOi8vd3d3LnVzYXRvZGF5LmNvbS9zdG9yeS9uZXdzL3dvcmxkL2lzcmFlbC1oYW1hcy8yMDIzLzEyLzA1L2lzcmFlbC1oYW1hcy13YXItZ2F6YS1saXZlLXVwZGF0ZXMvNzE4MDkzOTgwMDcv0gEA?oc=5,"Wed, 06 Dec 2023 07:12:02 GMT",israel hamas war updates ground troops reach city in south gaza  usa today,israel hamas war updates ground troops reach city south gaza usa today
Moment of truth on the Palestinian issue - opinion - The Jerusalem Post,https://news.google.com/rss/articles/CBMiLGh0dHBzOi8vd3d3Lmpwb3N0LmNvbS9vcGluaW9uL2FydGljbGUtNzc2NzM00gEA?oc=5,"Tue, 05 Dec 2023 23:58:00 GMT",moment of truth on the palestinian issue  opinion  the jerusalem post,moment truth palestinian issue opinion jerusalem post
Opinion | Revive Trump's 'Vision' for Israeli-Palestinian Peace - The Wall Street Journal,https://news.google.com/rss/articles/CBMibWh0dHBzOi8vd3d3Lndzai5jb20vYXJ0aWNsZXMvcmV2aXZlLXRydW1wcy12aXNpb24tZm9yLWlzcmFlbGktcGFsZXN0aW5pYW4tcGVhY2UtbWlkZGxlLWVhc3QtY29uZmxpY3QtYzgxMjM2NjfSAQA?oc=5,"Sun, 03 Dec 2023 22:35:00 GMT",opinion  revive trumps vision for israelipalestinian peace  the wall street journal,opinion revive trumps vision israelipalestinian peace wall street journal
Oakland Unified pushes back against unsanctioned ‘teach-in’ on Hamas-Israel conflict - The Mercury News,https://news.google.com/rss/articles/CBMibmh0dHBzOi8vd3d3Lm1lcmN1cnluZXdzLmNvbS8yMDIzLzEyLzA0L29ha2xhbmQtdW5pZmllZC1wdXNoZXMtYmFjay1hZ2FpbnN0LXVuc2FuY3Rpb25lZC10ZWFjaC1pbi1vbi1wYWxlc3RpbmUv0gFyaHR0cHM6Ly93d3cubWVyY3VyeW5ld3MuY29tLzIwMjMvMTIvMDQvb2FrbGFuZC11bmlmaWVkLXB1c2hlcy1iYWNrLWFnYWluc3QtdW5zYW5jdGlvbmVkLXRlYWNoLWluLW9uLXBhbGVzdGluZS9hbXAv?oc=5,"Tue, 05 Dec 2023 02:01:02 GMT",oakland unified pushes back against unsanctioned teachin on hamasisrael conflict  the mercury news,oakland unified pushes back against unsanctioned teachin hamasisrael conflict mercury news
Rapper Lowkey releases track in solidarity with Gaza as Israel war rages - Al Jazeera English,https://news.google.com/rss/articles/CBMiSWh0dHBzOi8vd3d3LmFsamF6ZWVyYS5jb20vcHJvZ3JhbS9uZXdzZmVlZC8yMDIzLzEyLzQvcGFsZXN0aW5lLXdpbGwtbmV2ZXLSAU1odHRwczovL3d3dy5hbGphemVlcmEuY29tL2FtcC9wcm9ncmFtL25ld3NmZWVkLzIwMjMvMTIvNC9wYWxlc3RpbmUtd2lsbC1uZXZlcg?oc=5,"Mon, 04 Dec 2023 21:45:12 GMT",rapper lowkey releases track in solidarity with gaza as israel war rages  al jazeera english,rapper lowkey releases track solidarity gaza israel war rages al jazeera english
Israel's Failed Bombing Campaign in Gaza - Foreign Affairs Magazine,https://news.google.com/rss/articles/CBMiSmh0dHBzOi8vd3d3LmZvcmVpZ25hZmZhaXJzLmNvbS9pc3JhZWwvaXNyYWVscy1mYWlsZWQtYm9tYmluZy1jYW1wYWlnbi1nYXph0gEA?oc=5,"Wed, 06 Dec 2023 06:36:45 GMT",israels failed bombing campaign in gaza  foreign affairs magazine,israels failed bombing campaign gaza foreign affairs magazine
What are the implications of Israel’s reported use of AI in Gaza war? - Al Jazeera English,https://news.google.com/rss/articles/CBMifGh0dHBzOi8vd3d3LmFsamF6ZWVyYS5jb20vcHJvZ3JhbS9pbnNpZGUtc3RvcnkvMjAyMy8xMi8zL3doYXQtYXJlLXRoZS1pbXBsaWNhdGlvbnMtb2YtaXNyYWVscy1yZXBvcnRlZC11c2Utb2YtYWktaW4tZ2F6YS13YXLSAYABaHR0cHM6Ly93d3cuYWxqYXplZXJhLmNvbS9hbXAvcHJvZ3JhbS9pbnNpZGUtc3RvcnkvMjAyMy8xMi8zL3doYXQtYXJlLXRoZS1pbXBsaWNhdGlvbnMtb2YtaXNyYWVscy1yZXBvcnRlZC11c2Utb2YtYWktaW4tZ2F6YS13YXI?oc=5,"Sun, 03 Dec 2023 21:10:56 GMT",what are the implications of israels reported use of ai in gaza war  al jazeera english,implications israels reported use ai gaza war al jazeera english
What is Hamas and why is it fighting with Israel in Gaza? - BBC.com,https://news.google.com/rss/articles/CBMiM2h0dHBzOi8vd3d3LmJiYy5jb20vbmV3cy93b3JsZC1taWRkbGUtZWFzdC02NzAzOTk3NdIBN2h0dHBzOi8vd3d3LmJiYy5jb20vbmV3cy93b3JsZC1taWRkbGUtZWFzdC02NzAzOTk3NS5hbXA?oc=5,"Tue, 05 Dec 2023 12:40:00 GMT",what is hamas and why is it fighting with israel in gaza  bbccom,hamas why fighting israel gaza bbccom
Survey offers a window into Palestinians' views ahead of the Hamas attack - Stanford Report - Stanford University News,https://news.google.com/rss/articles/CBMiRWh0dHBzOi8vbmV3cy5zdGFuZm9yZC5lZHUvcmVwb3J0LzIwMjMvMTIvMDUvcGFsZXN0aW5pYW5zLXZpZXdzLW9jdC03L9IBAA?oc=5,"Tue, 05 Dec 2023 21:26:14 GMT",survey offers a window into palestinians views ahead of the hamas attack  stanford report  stanford university news,survey offers window into palestinians views ahead hamas attack stanford report stanford university news
Israeli-Palestinian conflict Archives - PassBlue,https://news.google.com/rss/articles/CBMiP2h0dHBzOi8vd3d3LnBhc3NibHVlLmNvbS9jYXRlZ29yeS9pc3JhZWxpLXBhbGVzdGluaWFuLWNvbmZsaWN0L9IBAA?oc=5,"Wed, 06 Dec 2023 00:02:31 GMT",israelipalestinian conflict archives  passblue,israelipalestinian conflict archives passblue
Talking about the Israel-Palestine War in Your Community - Friends Committee On National Legislation,https://news.google.com/rss/articles/CBMiVmh0dHBzOi8vd3d3LmZjbmwub3JnL3VwZGF0ZXMvMjAyMy0xMi90YWxraW5nLWFib3V0LWlzcmFlbC1wYWxlc3RpbmUtd2FyLXlvdXItY29tbXVuaXR50gEA?oc=5,"Tue, 05 Dec 2023 22:44:55 GMT",talking about the israelpalestine war in your community  friends committee on national legislation,talking about israelpalestine war community friends committee national legislation
An overview of brutal Israel-Palestine conflict - The Lion's Roar Newspaper,https://news.google.com/rss/articles/CBMiVWh0dHBzOi8vbGlvbnNyb2FybmV3cy5jb20vMzE0NTUvYW4tb3ZlcnZpZXctb2YtYnJ1dGFsLWlzcmFlbC1wYWxlc3RpbmUtY29uZmxpY3QvbmV3cy_SAQA?oc=5,"Tue, 05 Dec 2023 15:05:20 GMT",an overview of brutal israelpalestine conflict  the lions roar newspaper,overview brutal israelpalestine conflict lions roar newspaper
EXPLAINER-What's the Israel-Palestinian conflict about and how did it start? - Yahoo Finance,https://news.google.com/rss/articles/CBMiWWh0dHBzOi8vZmluYW5jZS55YWhvby5jb20vbmV3cy9leHBsYWluZXItd2hhdHMtaXNyYWVsLXBhbGVzdGluaWFuLWNvbmZsaWN0LTE2NDIxMzY1Ni5odG1s0gEA?oc=5,"Tue, 05 Dec 2023 16:42:13 GMT",explainerwhats the israelpalestinian conflict about and how did it start  yahoo finance,explainerwhats israelpalestinian conflict about how did start yahoo finance
Letter: Understanding the Israeli–Palestinian conflict - Fargo - INFORUM,https://news.google.com/rss/articles/CBMiXWh0dHBzOi8vd3d3LmluZm9ydW0uY29tL29waW5pb24vbGV0dGVycy9sZXR0ZXItdW5kZXJzdGFuZGluZy10aGUtaXNyYWVsaS1wYWxlc3Rpbmlhbi1jb25mbGljdNIBAA?oc=5,"Tue, 05 Dec 2023 20:24:00 GMT",letter understanding the israelipalestinian conflict  fargo  inforum,letter understanding israelipalestinian conflict fargo inforum
Israeli captives’ families angry after meeting with Netanyahu - Al Jazeera English,https://news.google.com/rss/articles/CBMiZWh0dHBzOi8vd3d3LmFsamF6ZWVyYS5jb20vbmV3cy8yMDIzLzEyLzYvaXNyYWVsaS1jYXB0aXZlcy1mYW1pbGllcy1hbmdyeS1hZnRlci1tZWV0aW5nLXdpdGgtbmV0YW55YWh10gFpaHR0cHM6Ly93d3cuYWxqYXplZXJhLmNvbS9hbXAvbmV3cy8yMDIzLzEyLzYvaXNyYWVsaS1jYXB0aXZlcy1mYW1pbGllcy1hbmdyeS1hZnRlci1tZWV0aW5nLXdpdGgtbmV0YW55YWh1?oc=5,"Wed, 06 Dec 2023 04:22:50 GMT",israeli captives families angry after meeting with netanyahu  al jazeera english,israeli captives families angry after meeting netanyahu al jazeera english
Middle East experts explore deep-rooted challenges in Israel-Hamas war - Stanford Report - Stanford University News,https://news.google.com/rss/articles/CBMidGh0dHBzOi8vbmV3cy5zdGFuZm9yZC5lZHUvcmVwb3J0LzIwMjMvMTEvMzAvbWlkZGxlLWVhc3QtZXhwZXJ0cy1leHBsb3JlLWRlZXAtcm9vdGVkLWNoYWxsZW5nZXMtZ2F6YS1pc3JhZWwtY29uZmxpY3Qv0gEA?oc=5,"Thu, 30 Nov 2023 23:30:32 GMT",middle east experts explore deeprooted challenges in israelhamas war  stanford report  stanford university news,middle east experts explore deeprooted challenges israelhamas war stanford report stanford university news
Israel-Hamas war updates: More than 16200 dead in Gaza from Israeli attack - Al Jazeera English,https://news.google.com/rss/articles/CBMieWh0dHBzOi8vd3d3LmFsamF6ZWVyYS5jb20vbmV3cy9saXZlYmxvZy8yMDIzLzEyLzUvaXNyYWVsLWhhbWFzLXdhci1saXZlLWlzcmFlbGktYXR0YWNrcy1vbi1zb3V0aGVybi1nYXphLXJlYWNoLW5ldy1kZXB0aHPSAQA?oc=5,"Tue, 05 Dec 2023 17:23:04 GMT",israelhamas war updates more than  dead in gaza from israeli attack  al jazeera english,israelhamas war updates more than dead gaza israeli attack al jazeera english
Israel expands ground operations in south Gaza - Al Jazeera English,https://news.google.com/rss/articles/CBMiY2h0dHBzOi8vd3d3LmFsamF6ZWVyYS5jb20vcHJvZ3JhbS9uZXdzZmVlZC8yMDIzLzEyLzQvaXNyYWVsLWV4cGFuZHMtZ3JvdW5kLW9wZXJhdGlvbnMtaW4tc291dGgtZ2F6YdIBZ2h0dHBzOi8vd3d3LmFsamF6ZWVyYS5jb20vYW1wL3Byb2dyYW0vbmV3c2ZlZWQvMjAyMy8xMi80L2lzcmFlbC1leHBhbmRzLWdyb3VuZC1vcGVyYXRpb25zLWluLXNvdXRoLWdhemE?oc=5,"Mon, 04 Dec 2023 14:16:24 GMT",israel expands ground operations in south gaza  al jazeera english,israel expands ground operations south gaza al jazeera english
Israel intensifies strikes on Gaza’s second-largest city - Al Jazeera English,https://news.google.com/rss/articles/CBMiY2h0dHBzOi8vd3d3LmFsamF6ZWVyYS5jb20vZ2FsbGVyeS8yMDIzLzEyLzUvaXNyYWVsLWludGVuc2lmaWVkLXN0cmlrZXMtb24tZ2F6YXMtc2Vjb25kLWxhcmdlc3QtY2l0edIBZ2h0dHBzOi8vd3d3LmFsamF6ZWVyYS5jb20vYW1wL2dhbGxlcnkvMjAyMy8xMi81L2lzcmFlbC1pbnRlbnNpZmllZC1zdHJpa2VzLW9uLWdhemFzLXNlY29uZC1sYXJnZXN0LWNpdHk?oc=5,"Tue, 05 Dec 2023 12:48:16 GMT",israel intensifies strikes on gazas secondlargest city  al jazeera english,israel intensifies strikes gazas secondlargest city al jazeera english
Israeli army surrounds Khan Younis as southern Gaza attacks intensify - Al Jazeera English,https://news.google.com/rss/articles/CBMibmh0dHBzOi8vd3d3LmFsamF6ZWVyYS5jb20vbmV3cy8yMDIzLzEyLzUvaXNyYWVsaS1hcm15LXN1cnJvdW5kcy1raGFuLXlvdW5pcy1hcy1zb3V0aGVybi1nYXphLWF0dGFja3MtaW50ZW5zaWZ50gFyaHR0cHM6Ly93d3cuYWxqYXplZXJhLmNvbS9hbXAvbmV3cy8yMDIzLzEyLzUvaXNyYWVsaS1hcm15LXN1cnJvdW5kcy1raGFuLXlvdW5pcy1hcy1zb3V0aGVybi1nYXphLWF0dGFja3MtaW50ZW5zaWZ5?oc=5,"Tue, 05 Dec 2023 18:27:59 GMT",israeli army surrounds khan younis as southern gaza attacks intensify  al jazeera english,israeli army surrounds khan younis southern gaza attacks intensify al jazeera english
How does Israel compare to failed states? - Al Jazeera English,https://news.google.com/rss/articles/CBMiYWh0dHBzOi8vd3d3LmFsamF6ZWVyYS5jb20vcHJvZ3JhbS9pbnNpZGUtc3RvcnkvMjAyMy8xMi81L2hvdy1kb2VzLWlzcmFlbC1jb21wYXJlLXRvLWZhaWxlZC1zdGF0ZXPSAWVodHRwczovL3d3dy5hbGphemVlcmEuY29tL2FtcC9wcm9ncmFtL2luc2lkZS1zdG9yeS8yMDIzLzEyLzUvaG93LWRvZXMtaXNyYWVsLWNvbXBhcmUtdG8tZmFpbGVkLXN0YXRlcw?oc=5,"Tue, 05 Dec 2023 20:06:51 GMT",how does israel compare to failed states  al jazeera english,how does israel compare failed states al jazeera english
US announces visa bans after warning Israel on West Bank settler violence - Al Jazeera English,https://news.google.com/rss/articles/CBMicmh0dHBzOi8vd3d3LmFsamF6ZWVyYS5jb20vbmV3cy8yMDIzLzEyLzUvdXMtYW5ub3VuY2VzLXZpc2EtYmFucy1hZnRlci13YXJuaW5nLWlzcmFlbC1vbi13ZXN0LWJhbmstc2V0dGxlci12aW9sZW5jZdIBdmh0dHBzOi8vd3d3LmFsamF6ZWVyYS5jb20vYW1wL25ld3MvMjAyMy8xMi81L3VzLWFubm91bmNlcy12aXNhLWJhbnMtYWZ0ZXItd2FybmluZy1pc3JhZWwtb24td2VzdC1iYW5rLXNldHRsZXItdmlvbGVuY2U?oc=5,"Tue, 05 Dec 2023 20:49:00 GMT",us announces visa bans after warning israel on west bank settler violence  al jazeera english,us announces visa bans after warning israel west bank settler violence al jazeera english
"Israel-Hamas war: List of key events, day 60 - Al Jazeera English",https://news.google.com/rss/articles/CBMiU2h0dHBzOi8vd3d3LmFsamF6ZWVyYS5jb20vbmV3cy8yMDIzLzEyLzUvaXNyYWVsLWhhbWFzLXdhci1saXN0LW9mLWtleS1ldmVudHMtZGF5LTYw0gFXaHR0cHM6Ly93d3cuYWxqYXplZXJhLmNvbS9hbXAvbmV3cy8yMDIzLzEyLzUvaXNyYWVsLWhhbWFzLXdhci1saXN0LW9mLWtleS1ldmVudHMtZGF5LTYw?oc=5,"Tue, 05 Dec 2023 07:46:50 GMT",israelhamas war list of key events day   al jazeera english,israelhamas war list key events day al jazeera english
"Amid Israel’s onslaught of Gaza, Spain’s leader shows empathy for Palestine - Al Jazeera English",https://news.google.com/rss/articles/CBMiaGh0dHBzOi8vd3d3LmFsamF6ZWVyYS5jb20vbmV3cy8yMDIzLzEyLzUvYWx3YXlzLWZlbHQtc3ltcGF0aHktZm9yLXBhbGVzdGluaWFucy10cmFjaW5nLXNwYWlucy1zb2xpZGFyaXR50gFsaHR0cHM6Ly93d3cuYWxqYXplZXJhLmNvbS9hbXAvbmV3cy8yMDIzLzEyLzUvYWx3YXlzLWZlbHQtc3ltcGF0aHktZm9yLXBhbGVzdGluaWFucy10cmFjaW5nLXNwYWlucy1zb2xpZGFyaXR5?oc=5,"Tue, 05 Dec 2023 10:30:48 GMT",amid israels onslaught of gaza spains leader shows empathy for palestine  al jazeera english,amid israels onslaught gaza spains leader shows empathy palestine al jazeera english
"Israel-Hamas war: List of key events, day 59 - Al Jazeera English",https://news.google.com/rss/articles/CBMiU2h0dHBzOi8vd3d3LmFsamF6ZWVyYS5jb20vbmV3cy8yMDIzLzEyLzQvaXNyYWVsLWhhbWFzLXdhci1saXN0LW9mLWtleS1ldmVudHMtZGF5LTU50gFXaHR0cHM6Ly93d3cuYWxqYXplZXJhLmNvbS9hbXAvbmV3cy8yMDIzLzEyLzQvaXNyYWVsLWhhbWFzLXdhci1saXN0LW9mLWtleS1ldmVudHMtZGF5LTU5?oc=5,"Mon, 04 Dec 2023 08:37:37 GMT",israelhamas war list of key events day   al jazeera english,israelhamas war list key events day al jazeera english
"Israel, Palestine and Canada’s ‘schizophrenic foreign policy’ - Al Jazeera English",https://news.google.com/rss/articles/CBMia2h0dHBzOi8vd3d3LmFsamF6ZWVyYS5jb20vbmV3cy9sb25nZm9ybS8yMDIzLzEyLzIvaXNyYWVsLXBhbGVzdGluZS1hbmQtY2FuYWRhcy1zY2hpem9waHJlbmljLWZvcmVpZ24tcG9saWN50gFvaHR0cHM6Ly93d3cuYWxqYXplZXJhLmNvbS9hbXAvbmV3cy9sb25nZm9ybS8yMDIzLzEyLzIvaXNyYWVsLXBhbGVzdGluZS1hbmQtY2FuYWRhcy1zY2hpem9waHJlbmljLWZvcmVpZ24tcG9saWN5?oc=5,"Sat, 02 Dec 2023 14:03:45 GMT",israel palestine and canadas schizophrenic foreign policy  al jazeera english,israel palestine canadas schizophrenic foreign policy al jazeera english
Is Israel’s Gaza bombing also a war on the climate? - Al Jazeera English,https://news.google.com/rss/articles/CBMiWGh0dHBzOi8vd3d3LmFsamF6ZWVyYS5jb20vbmV3cy8yMDIzLzEyLzUvaXMtaXNyYWVscy13YXItb24tZ2F6YS1hbHNvLWh1cnRpbmctdGhlLWNsaW1hdGXSAVxodHRwczovL3d3dy5hbGphemVlcmEuY29tL2FtcC9uZXdzLzIwMjMvMTIvNS9pcy1pc3JhZWxzLXdhci1vbi1nYXphLWFsc28taHVydGluZy10aGUtY2xpbWF0ZQ?oc=5,"Tue, 05 Dec 2023 12:24:50 GMT",is israels gaza bombing also a war on the climate  al jazeera english,israels gaza bombing also war climate al jazeera english
Thousands march for Palestine as Israel and Hamas resume fighting - Al Jazeera English,https://news.google.com/rss/articles/CBMibWh0dHBzOi8vd3d3LmFsamF6ZWVyYS5jb20vZ2FsbGVyeS8yMDIzLzEyLzEvdGhvdXNhbmRzLW1hcmNoLWZvci1wYWxlc3RpbmUtYXMtaXNyYWVsLWFuZC1oYW1hcy1yZXN1bWUtZmlnaHRpbmfSAXFodHRwczovL3d3dy5hbGphemVlcmEuY29tL2FtcC9nYWxsZXJ5LzIwMjMvMTIvMS90aG91c2FuZHMtbWFyY2gtZm9yLXBhbGVzdGluZS1hcy1pc3JhZWwtYW5kLWhhbWFzLXJlc3VtZS1maWdodGluZw?oc=5,"Fri, 01 Dec 2023 19:41:21 GMT",thousands march for palestine as israel and hamas resume fighting  al jazeera english,thousands march palestine israel hamas resume fighting al jazeera english
"Israel-Hamas war: List of key events, day 58 - Al Jazeera English",https://news.google.com/rss/articles/CBMiU2h0dHBzOi8vd3d3LmFsamF6ZWVyYS5jb20vbmV3cy8yMDIzLzEyLzMvaXNyYWVsLWhhbWFzLXdhci1saXN0LW9mLWtleS1ldmVudHMtZGF5LTU40gFXaHR0cHM6Ly93d3cuYWxqYXplZXJhLmNvbS9hbXAvbmV3cy8yMDIzLzEyLzMvaXNyYWVsLWhhbWFzLXdhci1saXN0LW9mLWtleS1ldmVudHMtZGF5LTU4?oc=5,"Sun, 03 Dec 2023 09:45:10 GMT",israelhamas war list of key events day   al jazeera english,israelhamas war list key events day al jazeera english
Israel Gaza war: History of the conflict explained - BBC.com,https://news.google.com/rss/articles/CBMiKmh0dHBzOi8vd3d3LmJiYy5jb20vbmV3cy9uZXdzYmVhdC00NDEyNDM5NtIBLmh0dHBzOi8vd3d3LmJiYy5jb20vbmV3cy9uZXdzYmVhdC00NDEyNDM5Ni5hbXA?oc=5,"Wed, 15 Nov 2023 08:00:00 GMT",israel gaza war history of the conflict explained  bbccom,israel gaza war history conflict explained bbccom
Israel-Gaza war updates: 100s killed in last 24 hours in Israeli strikes - Al Jazeera English,https://news.google.com/rss/articles/CBMib2h0dHBzOi8vd3d3LmFsamF6ZWVyYS5jb20vbmV3cy9saXZlYmxvZy8yMDIzLzEyLzMvaXNyYWVsLWdhemEtd2FyLWxpdmUtaXNyYWVsLWJvbWJhcmRzLWdhemEtYXMtdGFsa3MtYnJlYWstZG93btIBAA?oc=5,"Sun, 03 Dec 2023 15:59:39 GMT",israelgaza war updates s killed in last  hours in israeli strikes  al jazeera english,israelgaza war updates s killed last hours israeli strikes al jazeera english
Fact or fiction? Israeli maps and AI do not save Palestinian lives - Al Jazeera English,https://news.google.com/rss/articles/CBMibmh0dHBzOi8vd3d3LmFsamF6ZWVyYS5jb20vb3BpbmlvbnMvMjAyMy8xMi80L2ZhY3Qtb3ItZmljdGlvbi1pc3JhZWxpLW1hcHMtYW5kLWFpLWRvLW5vdC1zYXZlLXBhbGVzdGluaWFuLWxpdmVz0gFyaHR0cHM6Ly93d3cuYWxqYXplZXJhLmNvbS9hbXAvb3BpbmlvbnMvMjAyMy8xMi80L2ZhY3Qtb3ItZmljdGlvbi1pc3JhZWxpLW1hcHMtYW5kLWFpLWRvLW5vdC1zYXZlLXBhbGVzdGluaWFuLWxpdmVz?oc=5,"Mon, 04 Dec 2023 16:02:59 GMT",fact or fiction israeli maps and ai do not save palestinian lives  al jazeera english,fact fiction israeli maps ai do save palestinian lives al jazeera english
Israel orders evacuations as onslaught on Gaza widens - Al Jazeera English,https://news.google.com/rss/articles/CBMiZGh0dHBzOi8vd3d3LmFsamF6ZWVyYS5jb20vbmV3cy8yMDIzLzEyLzQvaXNyYWVsLWNhbGxzLWZvci1ldmFjdWF0aW9ucy1hcy1pdC13aWRlbnMtb2ZmZW5zaXZlLW9uLWdhemHSAWhodHRwczovL3d3dy5hbGphemVlcmEuY29tL2FtcC9uZXdzLzIwMjMvMTIvNC9pc3JhZWwtY2FsbHMtZm9yLWV2YWN1YXRpb25zLWFzLWl0LXdpZGVucy1vZmZlbnNpdmUtb24tZ2F6YQ?oc=5,"Mon, 04 Dec 2023 10:01:03 GMT",israel orders evacuations as onslaught on gaza widens  al jazeera english,israel orders evacuations onslaught gaza widens al jazeera english
Israel-Hamas war updates: Over 175 killed as Israeli resumes Gaza attacks - Al Jazeera English,https://news.google.com/rss/articles/CBMiemh0dHBzOi8vd3d3LmFsamF6ZWVyYS5jb20vbmV3cy9saXZlYmxvZy8yMDIzLzEyLzEvaXNyYWVsLWhhbWFzLXdhci1saXZlLXJlbGllZi1hbmQtam95LWFzLW1vcmUtcGFsZXN0aW5pYW4tcHJpc29uZXJzLWZyZWVk0gEA?oc=5,"Fri, 01 Dec 2023 17:30:18 GMT",israelhamas war updates over  killed as israeli resumes gaza attacks  al jazeera english,israelhamas war updates over killed israeli resumes gaza attacks al jazeera english
"Israel-Gaza war updates: 'No negotiations now on truce', says Hamas - Al Jazeera English",https://news.google.com/rss/articles/CBMifGh0dHBzOi8vd3d3LmFsamF6ZWVyYS5jb20vbmV3cy9saXZlYmxvZy8yMDIzLzEyLzIvaXNyYWVsLWhhbWFzLXdhci1saXZlLWlzcmFlbGktYm9tYnMtcmFpbi1kb3duLW9uLWdhemEtYWZ0ZXItdHJ1Y2UtY29sbGFwc2XSAQA?oc=5,"Sat, 02 Dec 2023 21:06:39 GMT",israelgaza war updates no negotiations now on truce says hamas  al jazeera english,israelgaza war updates no negotiations now truce says hamas al jazeera english
"Telecommunications, internet down in Gaza as Israeli strikes intensify - Al Jazeera English",https://news.google.com/rss/articles/CBMibmh0dHBzOi8vd3d3LmFsamF6ZWVyYS5jb20vbmV3cy8yMDIzLzEyLzQvdGVsZWNvbW11bmljYXRpb25zLWludGVybmV0LWRvd24taW4tZ2F6YS1hcy1pc3JhZWxpLXN0cmlrZXMtaW50ZW5zaWZ50gFyaHR0cHM6Ly93d3cuYWxqYXplZXJhLmNvbS9hbXAvbmV3cy8yMDIzLzEyLzQvdGVsZWNvbW11bmljYXRpb25zLWludGVybmV0LWRvd24taW4tZ2F6YS1hcy1pc3JhZWxpLXN0cmlrZXMtaW50ZW5zaWZ5?oc=5,"Mon, 04 Dec 2023 21:01:48 GMT",telecommunications internet down in gaza as israeli strikes intensify  al jazeera english,telecommunications internet down gaza israeli strikes intensify al jazeera english
"Is Israel criminalising Palestinian thoughts too, amid Gaza war? - Al Jazeera English",https://news.google.com/rss/articles/CBMiZ2h0dHBzOi8vd3d3LmFsamF6ZWVyYS5jb20vbmV3cy8yMDIzLzEyLzIvaXMtaXNyYWVsLWNyaW1pbmFsaXNpbmctcGFsZXN0aW5pYW4tdGhvdWdodHMtdG9vLWFtaWQtZ2F6YS13YXLSAWtodHRwczovL3d3dy5hbGphemVlcmEuY29tL2FtcC9uZXdzLzIwMjMvMTIvMi9pcy1pc3JhZWwtY3JpbWluYWxpc2luZy1wYWxlc3Rpbmlhbi10aG91Z2h0cy10b28tYW1pZC1nYXphLXdhcg?oc=5,"Sat, 02 Dec 2023 09:02:01 GMT",is israel criminalising palestinian thoughts too amid gaza war  al jazeera english,israel criminalising palestinian thoughts too amid gaza war al jazeera english
"From north to south, nowhere safe in Gaza as 700 killed in 24 hours - Al Jazeera English",https://news.google.com/rss/articles/CBMibmh0dHBzOi8vd3d3LmFsamF6ZWVyYS5jb20vZ2FsbGVyeS8yMDIzLzEyLzMvZnJvbS1ub3J0aC10by1zb3V0aC1ub3doZXJlLXNhZmUtaW4tZ2F6YS1hcy03MDAta2lsbGVkLWluLTI0LWhvdXJz0gFyaHR0cHM6Ly93d3cuYWxqYXplZXJhLmNvbS9hbXAvZ2FsbGVyeS8yMDIzLzEyLzMvZnJvbS1ub3J0aC10by1zb3V0aC1ub3doZXJlLXNhZmUtaW4tZ2F6YS1hcy03MDAta2lsbGVkLWluLTI0LWhvdXJz?oc=5,"Sun, 03 Dec 2023 16:34:35 GMT",from north to south nowhere safe in gaza as  killed in  hours  al jazeera english,north south nowhere safe gaza killed hours al jazeera english
You Cannot Have Peace in Palestine While Ignoring Palestinians - The Nation,https://news.google.com/rss/articles/CBMiZ2h0dHBzOi8vd3d3LnRoZW5hdGlvbi5jb20vYXJ0aWNsZS93b3JsZC9wYWxlc3Rpbmlhbi1kZW1hbmRzLWZvci1saWJlcmF0aW9uLW11c3QtbmV2ZXItYmUtaWdub3JlZC1hZ2Fpbi_SAW1odHRwczovL3d3dy50aGVuYXRpb24uY29tL2FydGljbGUvd29ybGQvcGFsZXN0aW5pYW4tZGVtYW5kcy1mb3ItbGliZXJhdGlvbi1tdXN0LW5ldmVyLWJlLWlnbm9yZWQtYWdhaW4vdG5hbXAv?oc=5,"Mon, 04 Dec 2023 15:36:58 GMT",you cannot have peace in palestine while ignoring palestinians  the nation,cannot peace palestine while ignoring palestinians nation
Scholars revisit the long history of Israel-Palestine conflict— Harvard Gazette - Harvard Gazette,https://news.google.com/rss/articles/CBMibmh0dHBzOi8vbmV3cy5oYXJ2YXJkLmVkdS9nYXpldHRlL3N0b3J5LzIwMjMvMTEvc2Nob2xhcnMtcmV2aXNpdC10aGUtbG9uZy1oaXN0b3J5LW9mLWlzcmFlbC1wYWxlc3RpbmUtY29uZmxpY3Qv0gEA?oc=5,"Wed, 22 Nov 2023 08:00:00 GMT",scholars revisit the long history of israelpalestine conflict harvard gazette  harvard gazette,scholars revisit long history israelpalestine conflict harvard gazette harvard gazette
Israel-Hamas war updates: More Palestinian prisoners released - Al Jazeera English,https://news.google.com/rss/articles/CBMifGh0dHBzOi8vd3d3LmFsamF6ZWVyYS5jb20vbmV3cy9saXZlYmxvZy8yMDIzLzExLzMwL2lzcmFlbC1oYW1hcy13YXItbGl2ZS1zaXh0aC1jYXB0aXZlLXByaXNvbmVyLXN3YXAtYWhlYWQtb2YtdHJ1Y2UtZGVhZGxpbmXSAQA?oc=5,"Fri, 01 Dec 2023 00:10:17 GMT",israelhamas war updates more palestinian prisoners released  al jazeera english,israelhamas war updates more palestinian prisoners released al jazeera english
"Israel-Hamas war: List of key events, day 56 - Al Jazeera English",https://news.google.com/rss/articles/CBMiU2h0dHBzOi8vd3d3LmFsamF6ZWVyYS5jb20vbmV3cy8yMDIzLzEyLzEvaXNyYWVsLWhhbWFzLXdhci1saXN0LW9mLWtleS1ldmVudHMtZGF5LTU20gFXaHR0cHM6Ly93d3cuYWxqYXplZXJhLmNvbS9hbXAvbmV3cy8yMDIzLzEyLzEvaXNyYWVsLWhhbWFzLXdhci1saXN0LW9mLWtleS1ldmVudHMtZGF5LTU2?oc=5,"Fri, 01 Dec 2023 07:57:18 GMT",israelhamas war list of key events day   al jazeera english,israelhamas war list key events day al jazeera english
What would it take for Israelis and Palestinians to live in peace? - NPR,https://news.google.com/rss/articles/CBMia2h0dHBzOi8vd3d3Lm5wci5vcmcvMjAyMy8xMi8wNC8xMjE2OTA1NDg3L3doYXQtd291bGQtaXQtdGFrZS1mb3ItaXNyYWVsaXMtYW5kLXBhbGVzdGluaWFucy10by1saXZlLWluLXBlYWNl0gEA?oc=5,"Mon, 04 Dec 2023 10:04:00 GMT",what would it take for israelis and palestinians to live in peace  npr,would take israelis palestinians live peace npr
Past and prologue: Plenty of blame on both sides in Israel-Palestine conflict - East Oregonian,https://news.google.com/rss/articles/CBMirwFodHRwczovL3d3dy5lYXN0b3JlZ29uaWFuLmNvbS9vcGluaW9uL2NvbHVtbmlzdHMvcGFzdC1hbmQtcHJvbG9ndWUtcGxlbnR5LW9mLWJsYW1lLW9uLWJvdGgtc2lkZXMtaW4taXNyYWVsLXBhbGVzdGluZS1jb25mbGljdC9hcnRpY2xlXzdlNzJmZWJjLTkxZjQtMTFlZS04NGFiLWUzNGRlY2JlODE0OS5odG1s0gEA?oc=5,"Tue, 05 Dec 2023 13:00:00 GMT",past and prologue plenty of blame on both sides in israelpalestine conflict  east oregonian,past prologue plenty blame both sides israelpalestine conflict east oregonian
Israel deserves every bit of the global public criticism it is receiving - Al Jazeera English,https://news.google.com/rss/articles/CBMidWh0dHBzOi8vd3d3LmFsamF6ZWVyYS5jb20vb3BpbmlvbnMvMjAyMy8xMi8yL2lzcmFlbC1kZXNlcnZlcy1ldmVyeS1iaXQtb2YtdGhlLWdsb2JhbC1wdWJsaWMtY3JpdGljaXNtLWl0LWlzLXJlY2VpdmluZ9IBeWh0dHBzOi8vd3d3LmFsamF6ZWVyYS5jb20vYW1wL29waW5pb25zLzIwMjMvMTIvMi9pc3JhZWwtZGVzZXJ2ZXMtZXZlcnktYml0LW9mLXRoZS1nbG9iYWwtcHVibGljLWNyaXRpY2lzbS1pdC1pcy1yZWNlaXZpbmc?oc=5,"Sat, 02 Dec 2023 13:47:23 GMT",israel deserves every bit of the global public criticism it is receiving  al jazeera english,israel deserves every bit global public criticism receiving al jazeera english
"Israel-Hamas war: List of key events, day 57 - Al Jazeera English",https://news.google.com/rss/articles/CBMiU2h0dHBzOi8vd3d3LmFsamF6ZWVyYS5jb20vbmV3cy8yMDIzLzEyLzIvaXNyYWVsLWhhbWFzLXdhci1saXN0LW9mLWtleS1ldmVudHMtZGF5LTU30gFXaHR0cHM6Ly93d3cuYWxqYXplZXJhLmNvbS9hbXAvbmV3cy8yMDIzLzEyLzIvaXNyYWVsLWhhbWFzLXdhci1saXN0LW9mLWtleS1ldmVudHMtZGF5LTU3?oc=5,"Sat, 02 Dec 2023 07:38:56 GMT",israelhamas war list of key events day   al jazeera english,israelhamas war list key events day al jazeera english
Israel & Palestine: The all-or-nothing problem - Asia Times,https://news.google.com/rss/articles/CBMiSmh0dHBzOi8vYXNpYXRpbWVzLmNvbS8yMDIzLzEyL2lzcmFlbC1wYWxlc3RpbmUtdGhlLWFsbC1vci1ub3RoaW5nLXByb2JsZW0v0gEA?oc=5,"Wed, 06 Dec 2023 01:30:33 GMT",israel  palestine the allornothing problem  asia times,israel palestine allornothing problem asia times
Israel-Palestine conflict: A brief history in maps and charts - Al Jazeera English,https://news.google.com/rss/articles/CBMiXGh0dHBzOi8vd3d3LmFsamF6ZWVyYS5jb20vbmV3cy8yMDIzLzExLzI3L3BhbGVzdGluZS1hbmQtaXNyYWVsLWJyaWVmLWhpc3RvcnktbWFwcy1hbmQtY2hhcnRz0gFgaHR0cHM6Ly93d3cuYWxqYXplZXJhLmNvbS9hbXAvbmV3cy8yMDIzLzExLzI3L3BhbGVzdGluZS1hbmQtaXNyYWVsLWJyaWVmLWhpc3RvcnktbWFwcy1hbmQtY2hhcnRz?oc=5,"Mon, 27 Nov 2023 08:00:00 GMT",israelpalestine conflict a brief history in maps and charts  al jazeera english,israelpalestine conflict brief history maps charts al jazeera english
"Israel-Palestine war: ‘Ceasefire’ or ‘pause’, what have world leaders said? - Al Jazeera English",https://news.google.com/rss/articles/CBMid2h0dHBzOi8vd3d3LmFsamF6ZWVyYS5jb20vbmV3cy9sb25nZm9ybS8yMDIzLzExLzMwL2lzcmFlbC1wYWxlc3RpbmUtd2FyLWNlYXNlZmlyZS1vci1wYXVzZS13aGF0LWhhdmUtd29ybGQtbGVhZGVycy1zYWlk0gF7aHR0cHM6Ly93d3cuYWxqYXplZXJhLmNvbS9hbXAvbmV3cy9sb25nZm9ybS8yMDIzLzExLzMwL2lzcmFlbC1wYWxlc3RpbmUtd2FyLWNlYXNlZmlyZS1vci1wYXVzZS13aGF0LWhhdmUtd29ybGQtbGVhZGVycy1zYWlk?oc=5,"Thu, 30 Nov 2023 13:22:35 GMT",israelpalestine war ceasefire or pause what have world leaders said  al jazeera english,israelpalestine war ceasefire pause world leaders said al jazeera english
The sultan's ghost: Erdoğan and the Israeli-Palestinian conflict | Brookings - Brookings Institution,https://news.google.com/rss/articles/CBMiYmh0dHBzOi8vd3d3LmJyb29raW5ncy5lZHUvYXJ0aWNsZXMvdGhlLXN1bHRhbnMtZ2hvc3QtZXJkb2dhbi1hbmQtdGhlLWlzcmFlbGktcGFsZXN0aW5pYW4tY29uZmxpY3Qv0gEA?oc=5,"Wed, 22 Nov 2023 08:00:00 GMT",the sultans ghost erdoan and the israelipalestinian conflict  brookings  brookings institution,sultans ghost erdoan israelipalestinian conflict brookings brookings institution
What happened in Gaza when the truce ended - Al Jazeera English,https://news.google.com/rss/articles/CBMiX2h0dHBzOi8vd3d3LmFsamF6ZWVyYS5jb20vcHJvZ3JhbS9uZXdzZmVlZC8yMDIzLzEyLzEvd2hhdC1oYXBwZW5lZC1pbi1nYXphLXdoZW4tdGhlLXRydWNlLWVuZGVk0gFjaHR0cHM6Ly93d3cuYWxqYXplZXJhLmNvbS9hbXAvcHJvZ3JhbS9uZXdzZmVlZC8yMDIzLzEyLzEvd2hhdC1oYXBwZW5lZC1pbi1nYXphLXdoZW4tdGhlLXRydWNlLWVuZGVk?oc=5,"Fri, 01 Dec 2023 12:55:53 GMT",what happened in gaza when the truce ended  al jazeera english,happened gaza when truce ended al jazeera english
Israeli air strikes pound Gaza as truce with Hamas ends - Al Jazeera English,https://news.google.com/rss/articles/CBMiTGh0dHBzOi8vd3d3LmFsamF6ZWVyYS5jb20vbmV3cy8yMDIzLzEyLzEvZmlnaHRpbmctcmVzdW1lcy1pbi1pc3JhZWwtZ2F6YS13YXLSAVBodHRwczovL3d3dy5hbGphemVlcmEuY29tL2FtcC9uZXdzLzIwMjMvMTIvMS9maWdodGluZy1yZXN1bWVzLWluLWlzcmFlbC1nYXphLXdhcg?oc=5,"Fri, 01 Dec 2023 08:07:35 GMT",israeli air strikes pound gaza as truce with hamas ends  al jazeera english,israeli air strikes pound gaza truce hamas ends al jazeera english
Photos: More deaths and destruction as Israel targets southern Gaza - Al Jazeera English,https://news.google.com/rss/articles/CBMibmh0dHBzOi8vd3d3LmFsamF6ZWVyYS5jb20vZ2FsbGVyeS8yMDIzLzEyLzIvcGhvdG9zLW1vcmUtZGVhdGhzLWFuZC1kZXN0cnVjdGlvbi1hcy1pc3JhZWwtdGFyZ2V0cy1zb3V0aGVybi1nYXph0gFyaHR0cHM6Ly93d3cuYWxqYXplZXJhLmNvbS9hbXAvZ2FsbGVyeS8yMDIzLzEyLzIvcGhvdG9zLW1vcmUtZGVhdGhzLWFuZC1kZXN0cnVjdGlvbi1hcy1pc3JhZWwtdGFyZ2V0cy1zb3V0aGVybi1nYXph?oc=5,"Sat, 02 Dec 2023 20:15:00 GMT",photos more deaths and destruction as israel targets southern gaza  al jazeera english,photos more deaths destruction israel targets southern gaza al jazeera english
Israel-Hamas War Exposes Divisions in France | Best Countries | U.S. News - U.S. News & World Report,https://news.google.com/rss/articles/CBMia2h0dHBzOi8vd3d3LnVzbmV3cy5jb20vbmV3cy9iZXN0LWNvdW50cmllcy9hcnRpY2xlcy8yMDIzLTEyLTAxL2lzcmFlbC1oYW1hcy13YXItZXhwb3Nlcy1kaXZpc2lvbnMtaW4tZnJhbmNl0gEA?oc=5,"Fri, 01 Dec 2023 17:37:00 GMT",israelhamas war exposes divisions in france  best countries  us news  us news  world report,israelhamas war exposes divisions france best countries us news us news world report
Will Israel heed US calls to protect civilians or risk ‘strategic failure’? - Al Jazeera English,https://news.google.com/rss/articles/CBMigQFodHRwczovL3d3dy5hbGphemVlcmEuY29tL3Byb2dyYW0vaW5zaWRlLXN0b3J5LzIwMjMvMTIvNC93aWxsLWlzcmFlbC1oZWVkLXVzLWNhbGxzLXRvLXByb3RlY3QtY2l2aWxpYW5zLW9yLXJpc2stc3RyYXRlZ2ljLWZhaWx1cmXSAYUBaHR0cHM6Ly93d3cuYWxqYXplZXJhLmNvbS9hbXAvcHJvZ3JhbS9pbnNpZGUtc3RvcnkvMjAyMy8xMi80L3dpbGwtaXNyYWVsLWhlZWQtdXMtY2FsbHMtdG8tcHJvdGVjdC1jaXZpbGlhbnMtb3Itcmlzay1zdHJhdGVnaWMtZmFpbHVyZQ?oc=5,"Mon, 04 Dec 2023 21:05:18 GMT",will israel heed us calls to protect civilians or risk strategic failure  al jazeera english,israel heed us calls protect civilians risk strategic failure al jazeera english
New Jersey school board selectively restricts public comments about the Israeli-Palestinian conflict - Foundation for Individual Rights in Education,https://news.google.com/rss/articles/CBMidGh0dHBzOi8vd3d3LnRoZWZpcmUub3JnL25ld3MvbmV3LWplcnNleS1zY2hvb2wtYm9hcmQtc2VsZWN0aXZlbHktcmVzdHJpY3RzLXB1YmxpYy1jb21tZW50cy1hYm91dC1pc3JhZWxpLXBhbGVzdGluaWFu0gEA?oc=5,"Thu, 30 Nov 2023 14:46:35 GMT",new jersey school board selectively restricts public comments about the israelipalestinian conflict  foundation for individual rights in education,new jersey school board selectively restricts public comments about israelipalestinian conflict foundation individual rights education
"Analysis: Israel resumed bombing Gaza, what has happened since? - Al Jazeera English",https://news.google.com/rss/articles/CBMiZWh0dHBzOi8vd3d3LmFsamF6ZWVyYS5jb20vbmV3cy8yMDIzLzEyLzMvYW5hbHlzaXMtaXNyYWVsLXJlc3VtZWQtYm9tYmluZy1nYXphLXdoYXQtaGFzLWhhcHBlbmVkLXNpbmNl0gFpaHR0cHM6Ly93d3cuYWxqYXplZXJhLmNvbS9hbXAvbmV3cy8yMDIzLzEyLzMvYW5hbHlzaXMtaXNyYWVsLXJlc3VtZWQtYm9tYmluZy1nYXphLXdoYXQtaGFzLWhhcHBlbmVkLXNpbmNl?oc=5,"Sun, 03 Dec 2023 09:43:28 GMT",analysis israel resumed bombing gaza what has happened since  al jazeera english,analysis israel resumed bombing gaza happened since al jazeera english
"‘Bombing everywhere’: As Israel renews war, my eight-year-old has questions - Al Jazeera English",https://news.google.com/rss/articles/CBMidGh0dHBzOi8vd3d3LmFsamF6ZWVyYS5jb20vZmVhdHVyZXMvMjAyMy8xMi8xL2JvbWJpbmctZXZlcnl3aGVyZS1hcy1pc3JhZWwtcmVuZXdzLXdhci1teS1laWdodC15ZWFyLW9sZC1oYXMtcXVlc3Rpb25z0gF4aHR0cHM6Ly93d3cuYWxqYXplZXJhLmNvbS9hbXAvZmVhdHVyZXMvMjAyMy8xMi8xL2JvbWJpbmctZXZlcnl3aGVyZS1hcy1pc3JhZWwtcmVuZXdzLXdhci1teS1laWdodC15ZWFyLW9sZC1oYXMtcXVlc3Rpb25z?oc=5,"Fri, 01 Dec 2023 11:31:11 GMT",bombing everywhere as israel renews war my eightyearold has questions  al jazeera english,bombing everywhere israel renews war my eightyearold questions al jazeera english
"However Difficult, The United States Should Still Pursue Israeli-Palestinian Peace - War On The Rocks",https://news.google.com/rss/articles/CBMidGh0dHBzOi8vd2Fyb250aGVyb2Nrcy5jb20vMjAyMy8xMS9ob3dldmVyLWRpZmZpY3VsdC10aGUtdW5pdGVkLXN0YXRlcy1zaG91bGQtc3RpbGwtcHVyc3VlLWlzcmFlbGktcGFsZXN0aW5pYW4tcGVhY2Uv0gEA?oc=5,"Mon, 27 Nov 2023 08:00:00 GMT",however difficult the united states should still pursue israelipalestinian peace  war on the rocks,however difficult united states should still pursue israelipalestinian peace war rocks
The Israel-Hamas truce has ended: What we know so far - Al Jazeera English,https://news.google.com/rss/articles/CBMiXWh0dHBzOi8vd3d3LmFsamF6ZWVyYS5jb20vbmV3cy8yMDIzLzEyLzEvdGhlLWlzcmFlbC1oYW1hcy10cnVjZS1oYXMtZW5kZWQtd2hhdC13ZS1rbm93LXNvLWZhctIBYWh0dHBzOi8vd3d3LmFsamF6ZWVyYS5jb20vYW1wL25ld3MvMjAyMy8xMi8xL3RoZS1pc3JhZWwtaGFtYXMtdHJ1Y2UtaGFzLWVuZGVkLXdoYXQtd2Uta25vdy1zby1mYXI?oc=5,"Fri, 01 Dec 2023 13:06:45 GMT",the israelhamas truce has ended what we know so far  al jazeera english,israelhamas truce ended we know so far al jazeera english
Iran’s Kharazi: Defining red lines before an Israeli aggression - Al Jazeera English,https://news.google.com/rss/articles/CBMifGh0dHBzOi8vd3d3LmFsamF6ZWVyYS5jb20vcHJvZ3JhbS90YWxrLXRvLWFsLWphemVlcmEvMjAyMy8xMi80L2lyYW5zLWtoYXJhemktZGVmaW5pbmctcmVkLWxpbmVzLWJlZm9yZS1hbi1pc3JhZWxpLWFnZ3Jlc3Npb27SAYABaHR0cHM6Ly93d3cuYWxqYXplZXJhLmNvbS9hbXAvcHJvZ3JhbS90YWxrLXRvLWFsLWphemVlcmEvMjAyMy8xMi80L2lyYW5zLWtoYXJhemktZGVmaW5pbmctcmVkLWxpbmVzLWJlZm9yZS1hbi1pc3JhZWxpLWFnZ3Jlc3Npb24?oc=5,"Mon, 04 Dec 2023 08:51:48 GMT",irans kharazi defining red lines before an israeli aggression  al jazeera english,irans kharazi defining red lines before israeli aggression al jazeera english
It is hypocritical to protest Israel but be silent on Syria and Yemen - Al Jazeera English,https://news.google.com/rss/articles/CBMicmh0dHBzOi8vd3d3LmFsamF6ZWVyYS5jb20vb3BpbmlvbnMvMjAyMy8xMi8yL2l0LWlzLWh5cG9jcml0aWNhbC10by1wcm90ZXN0LWlzcmFlbC1idXQtYmUtc2lsZW50LW9uLXN5cmlhLWFuZC15ZW1lbtIBdmh0dHBzOi8vd3d3LmFsamF6ZWVyYS5jb20vYW1wL29waW5pb25zLzIwMjMvMTIvMi9pdC1pcy1oeXBvY3JpdGljYWwtdG8tcHJvdGVzdC1pc3JhZWwtYnV0LWJlLXNpbGVudC1vbi1zeXJpYS1hbmQteWVtZW4?oc=5,"Sat, 02 Dec 2023 13:47:28 GMT",it is hypocritical to protest israel but be silent on syria and yemen  al jazeera english,hypocritical protest israel but silent syria yemen al jazeera english
The West Had Distorted View of Israeli-Palestinian Conflict | WPR - World Politics Review,https://news.google.com/rss/articles/CBMiSGh0dHBzOi8vd3d3LndvcmxkcG9saXRpY3NyZXZpZXcuY29tL2lzcmFlbC1jdWx0dXJlLXBhbGVzdGluaWFuLWNvbmZsaWN0L9IBAA?oc=5,"Fri, 01 Dec 2023 13:26:25 GMT",the west had distorted view of israelipalestinian conflict  wpr  world politics review,west distorted view israelipalestinian conflict wpr world politics review
‘I miss my routine’: A displaced Gaza mother recalls life before the war - Al Jazeera English,https://news.google.com/rss/articles/CBMiU2h0dHBzOi8vd3d3LmFsamF6ZWVyYS5jb20vZmVhdHVyZXMvMjAyMy8xMi8yL215LWxpZmUtYmVmb3JlLXRoZS13YXItaW10aXRoYWxzLXN0b3J50gFXaHR0cHM6Ly93d3cuYWxqYXplZXJhLmNvbS9hbXAvZmVhdHVyZXMvMjAyMy8xMi8yL215LWxpZmUtYmVmb3JlLXRoZS13YXItaW10aXRoYWxzLXN0b3J5?oc=5,"Sat, 02 Dec 2023 10:26:47 GMT",i miss my routine a displaced gaza mother recalls life before the war  al jazeera english,i miss my routine displaced gaza mother recalls life before war al jazeera english
Moments after Israeli air strikes in northern Gaza - Al Jazeera English,https://news.google.com/rss/articles/CBMiZ2h0dHBzOi8vd3d3LmFsamF6ZWVyYS5jb20vcHJvZ3JhbS9uZXdzZmVlZC8yMDIzLzEyLzEvbW9tZW50cy1hZnRlci1pc3JhZWxpLWFpci1zdHJpa2VzLWluLW5vcnRoZXJuLWdhemHSAWtodHRwczovL3d3dy5hbGphemVlcmEuY29tL2FtcC9wcm9ncmFtL25ld3NmZWVkLzIwMjMvMTIvMS9tb21lbnRzLWFmdGVyLWlzcmFlbGktYWlyLXN0cmlrZXMtaW4tbm9ydGhlcm4tZ2F6YQ?oc=5,"Fri, 01 Dec 2023 18:45:29 GMT",moments after israeli air strikes in northern gaza  al jazeera english,moments after israeli air strikes northern gaza al jazeera english
‘Where to go?’ Palestinians say nowhere safe as Israel resumes Gaza bombing - Al Jazeera English,https://news.google.com/rss/articles/CBMia2h0dHBzOi8vd3d3LmFsamF6ZWVyYS5jb20vbmV3cy8yMDIzLzEyLzEvd2hlcmUtc2hvdWxkLXdlLWdvLXBhbGVzdGluaWFucy11bnByZXBhcmVkLWFzLWlzcmFlbC1ib21iYXJkcy1nYXph0gFvaHR0cHM6Ly93d3cuYWxqYXplZXJhLmNvbS9hbXAvbmV3cy8yMDIzLzEyLzEvd2hlcmUtc2hvdWxkLXdlLWdvLXBhbGVzdGluaWFucy11bnByZXBhcmVkLWFzLWlzcmFlbC1ib21iYXJkcy1nYXph?oc=5,"Fri, 01 Dec 2023 09:52:33 GMT",where to go palestinians say nowhere safe as israel resumes gaza bombing  al jazeera english,where go palestinians say nowhere safe israel resumes gaza bombing al jazeera english
Yossi Klein Halevi on the Palestinian-Israeli Conflict - Econlib - EconTalk,https://news.google.com/rss/articles/CBMiUGh0dHBzOi8vd3d3LmVjb250YWxrLm9yZy95b3NzaS1rbGVpbi1oYWxldmktb24tdGhlLXBhbGVzdGluaWFuLWlzcmFlbGktY29uZmxpY3Qv0gEA?oc=5,"Mon, 04 Dec 2023 14:27:19 GMT",yossi klein halevi on the palestinianisraeli conflict  econlib  econtalk,yossi klein halevi palestinianisraeli conflict econlib econtalk
Mediators push to renew truce as Israel-Hamas war resumes in Gaza - Al Jazeera English,https://news.google.com/rss/articles/CBMibmh0dHBzOi8vd3d3LmFsamF6ZWVyYS5jb20vbmV3cy8yMDIzLzEyLzEvbWVkaWF0b3JzLWNvbnRpbnVpbmctZWZmb3J0cy10by1yZW5ldy1pc3JhZWwtZ2F6YS10cnVjZS1hbWlkLWZpZ2h0aW5n0gFyaHR0cHM6Ly93d3cuYWxqYXplZXJhLmNvbS9hbXAvbmV3cy8yMDIzLzEyLzEvbWVkaWF0b3JzLWNvbnRpbnVpbmctZWZmb3J0cy10by1yZW5ldy1pc3JhZWwtZ2F6YS10cnVjZS1hbWlkLWZpZ2h0aW5n?oc=5,"Fri, 01 Dec 2023 16:07:30 GMT",mediators push to renew truce as israelhamas war resumes in gaza  al jazeera english,mediators push renew truce israelhamas war resumes gaza al jazeera english
Timeline: A look into the long history of the Israeli-Palestinian conflict - ABC News,https://news.google.com/rss/articles/CBMiamh0dHBzOi8vYWJjbmV3cy5nby5jb20vSW50ZXJuYXRpb25hbC90aW1lbGluZS1sb25nLWhpc3RvcnktaXNyYWVsaS1wYWxlc3Rpbmlhbi1jb25mbGljdC9zdG9yeT9pZD0xMDM4NzUxMzTSAW5odHRwczovL2FiY25ld3MuZ28uY29tL2FtcC9JbnRlcm5hdGlvbmFsL3RpbWVsaW5lLWxvbmctaGlzdG9yeS1pc3JhZWxpLXBhbGVzdGluaWFuLWNvbmZsaWN0L3N0b3J5P2lkPTEwMzg3NTEzNA?oc=5,"Fri, 10 Nov 2023 08:00:00 GMT",timeline a look into the long history of the israelipalestinian conflict  abc news,timeline look into long history israelipalestinian conflict abc news
What war crimes laws apply to the Israel-Palestinian conflict? - Reuters,https://news.google.com/rss/articles/CBMibGh0dHBzOi8vd3d3LnJldXRlcnMuY29tL3dvcmxkL21pZGRsZS1lYXN0L3doYXQtd2FyLWNyaW1lcy1sYXdzLWFwcGx5LWlzcmFlbC1wYWxlc3Rpbmlhbi1jb25mbGljdC0yMDIzLTExLTE2L9IBAA?oc=5,"Thu, 16 Nov 2023 08:00:00 GMT",what war crimes laws apply to the israelpalestinian conflict  reuters,war crimes laws apply israelpalestinian conflict reuters
Victims of Israeli-Palestinian conflict come together for peace - NBC News,https://news.google.com/rss/articles/CBMibmh0dHBzOi8vd3d3Lm5iY25ld3MuY29tL25vdy92aWRlby92aWN0aW1zLW9mLWlzcmFlbGktcGFsZXN0aW5pYW4tY29uZmxpY3QtY29tZS10b2dldGhlci1mb3ItcGVhY2UtMTk4NDUwNzU3NTQ20gE3aHR0cHM6Ly93d3cubmJjbmV3cy5jb20vbmV3cy9hbXAtdmlkZW8vbW12bzE5ODQ1MDc1NzU0Ng?oc=5,"Tue, 21 Nov 2023 08:00:00 GMT",victims of israelipalestinian conflict come together for peace  nbc news,victims israelipalestinian conflict come together peace nbc news
"Israel-Hamas war: List of key events, day 55 - Al Jazeera English",https://news.google.com/rss/articles/CBMiVGh0dHBzOi8vd3d3LmFsamF6ZWVyYS5jb20vbmV3cy8yMDIzLzExLzMwL2lzcmFlbC1oYW1hcy13YXItbGlzdC1vZi1rZXktZXZlbnRzLWRheS01NdIBWGh0dHBzOi8vd3d3LmFsamF6ZWVyYS5jb20vYW1wL25ld3MvMjAyMy8xMS8zMC9pc3JhZWwtaGFtYXMtd2FyLWxpc3Qtb2Yta2V5LWV2ZW50cy1kYXktNTU?oc=5,"Thu, 30 Nov 2023 08:51:37 GMT",israelhamas war list of key events day   al jazeera english,israelhamas war list key events day al jazeera english
Europe: Inflamed and haunted by Israeli-Palestinian conflict - Courthouse News Service,https://news.google.com/rss/articles/CBMiW2h0dHBzOi8vd3d3LmNvdXJ0aG91c2VuZXdzLmNvbS9ldXJvcGUtaW5mbGFtZWQtYW5kLWhhdW50ZWQtYnktaXNyYWVsaS1wYWxlc3Rpbmlhbi1jb25mbGljdC_SAQA?oc=5,"Tue, 21 Nov 2023 08:00:00 GMT",europe inflamed and haunted by israelipalestinian conflict  courthouse news service,europe inflamed haunted israelipalestinian conflict courthouse news service
‘We will never forget’: Reliving the pain of the Nakba amid Israel’s war - Al Jazeera English,https://news.google.com/rss/articles/CBMicWh0dHBzOi8vd3d3LmFsamF6ZWVyYS5jb20vZmVhdHVyZXMvMjAyMy8xMi8yL3dlLXdpbGwtbmV2ZXItZm9yZ2V0LXJlbGl2aW5nLXRoZS1wYWluLW9mLXRoZS1uYWtiYS1hbWlkLWlzcmFlbHMtd2Fy0gF1aHR0cHM6Ly93d3cuYWxqYXplZXJhLmNvbS9hbXAvZmVhdHVyZXMvMjAyMy8xMi8yL3dlLXdpbGwtbmV2ZXItZm9yZ2V0LXJlbGl2aW5nLXRoZS1wYWluLW9mLXRoZS1uYWtiYS1hbWlkLWlzcmFlbHMtd2Fy?oc=5,"Sat, 02 Dec 2023 07:30:12 GMT",we will never forget reliving the pain of the nakba amid israels war  al jazeera english,we never forget reliving pain nakba amid israels war al jazeera english
Palestinians celebrate release of prisoners from Israeli jails - Al Jazeera English,https://news.google.com/rss/articles/CBMib2h0dHBzOi8vd3d3LmFsamF6ZWVyYS5jb20vZ2FsbGVyeS8yMDIzLzEyLzEvcGhvdG9zLXBhbGVzdGluaWFucy1jZWxlYnJhdGUtcmVsZWFzZS1vZi1hbm90aGVyLWJhdGNoLW9mLXByaXNvbmVyc9IBc2h0dHBzOi8vd3d3LmFsamF6ZWVyYS5jb20vYW1wL2dhbGxlcnkvMjAyMy8xMi8xL3Bob3Rvcy1wYWxlc3RpbmlhbnMtY2VsZWJyYXRlLXJlbGVhc2Utb2YtYW5vdGhlci1iYXRjaC1vZi1wcmlzb25lcnM?oc=5,"Fri, 01 Dec 2023 06:25:21 GMT",palestinians celebrate release of prisoners from israeli jails  al jazeera english,palestinians celebrate release prisoners israeli jails al jazeera english
"Not Two States, Not One State: A New Way Out of Disaster for Israelis and Palestinians - Israel News - Haaretz",https://news.google.com/rss/articles/CBMivAFodHRwczovL3d3dy5oYWFyZXR6LmNvbS9pc3JhZWwtbmV3cy8yMDIzLTExLTMwL3R5LWFydGljbGUvLnByZW1pdW0vbm90LXR3by1zdGF0ZXMtbm90LW9uZS1zdGF0ZS1hLW5ldy13YXktb3V0LW9mLWRpc2FzdGVyLWZvci1pc3JhZWxpcy1hbmQtcGFsZXN0aW5pYW5zLzAwMDAwMThjLTFmYzAtZDIxYy1hYmFlLTdmZmM3Zjk2MDAwMNIBAA?oc=5,"Thu, 30 Nov 2023 14:20:00 GMT",not two states not one state a new way out of disaster for israelis and palestinians  israel news  haaretz,two states one state new way out disaster israelis palestinians israel news haaretz
Gaza aid trucks stranded as Israel-Hamas war resumes - Al Jazeera English,https://news.google.com/rss/articles/CBMiXWh0dHBzOi8vd3d3LmFsamF6ZWVyYS5jb20vbmV3cy8yMDIzLzEyLzEvZ2F6YS1haWQtdHJ1Y2tzLXN0cmFuZGVkLWFzLWlzcmFlbC1oYW1hcy13YXItcmVzdW1lc9IBYWh0dHBzOi8vd3d3LmFsamF6ZWVyYS5jb20vYW1wL25ld3MvMjAyMy8xMi8xL2dhemEtYWlkLXRydWNrcy1zdHJhbmRlZC1hcy1pc3JhZWwtaGFtYXMtd2FyLXJlc3VtZXM?oc=5,"Fri, 01 Dec 2023 16:08:38 GMT",gaza aid trucks stranded as israelhamas war resumes  al jazeera english,gaza aid trucks stranded israelhamas war resumes al jazeera english
"Israeli settler violence against Palestinians in the West Bank, briefly explained - Vox.com",https://news.google.com/rss/articles/CBMiW2h0dHBzOi8vd3d3LnZveC5jb20vcG9saXRpY3MvMjAyMy8xMi8yLzIzOTg0MTA0L3dlc3QtYmFuay1pc3JhZWwtcGFsZXN0aW5lLXNldHRsZXItdmlvbGVuY2XSAQA?oc=5,"Sat, 02 Dec 2023 12:00:00 GMT",israeli settler violence against palestinians in the west bank briefly explained  voxcom,israeli settler violence against palestinians west bank briefly explained voxcom
Why have so many Palestinian children been killed by Israel? - Al Jazeera English,https://news.google.com/rss/articles/CBMidWh0dHBzOi8vd3d3LmFsamF6ZWVyYS5jb20vcHJvZ3JhbS9pbnNpZGUtc3RvcnkvMjAyMy8xMS8zMC93aHktaGF2ZS1zby1tYW55LXBhbGVzdGluaWFuLWNoaWxkcmVuLWJlZW4ta2lsbGVkLWJ5LWlzcmFlbNIBeWh0dHBzOi8vd3d3LmFsamF6ZWVyYS5jb20vYW1wL3Byb2dyYW0vaW5zaWRlLXN0b3J5LzIwMjMvMTEvMzAvd2h5LWhhdmUtc28tbWFueS1wYWxlc3Rpbmlhbi1jaGlsZHJlbi1iZWVuLWtpbGxlZC1ieS1pc3JhZWw?oc=5,"Thu, 30 Nov 2023 19:07:37 GMT",why have so many palestinian children been killed by israel  al jazeera english,why so many palestinian children been killed israel al jazeera english
Israel issues ‘evacuation map’ as it targets south Gaza - Al Jazeera English,https://news.google.com/rss/articles/CBMiamh0dHBzOi8vd3d3LmFsamF6ZWVyYS5jb20vcHJvZ3JhbS9uZXdzZmVlZC8yMDIzLzEyLzIvaXNyYWVsLWlzc3Vlcy1ldmFjdWF0aW9uLW1hcC1hcy1pdC10YXJnZXRzLXNvdXRoLWdhemHSAW5odHRwczovL3d3dy5hbGphemVlcmEuY29tL2FtcC9wcm9ncmFtL25ld3NmZWVkLzIwMjMvMTIvMi9pc3JhZWwtaXNzdWVzLWV2YWN1YXRpb24tbWFwLWFzLWl0LXRhcmdldHMtc291dGgtZ2F6YQ?oc=5,"Sat, 02 Dec 2023 11:35:53 GMT",israel issues evacuation map as it targets south gaza  al jazeera english,israel issues evacuation map targets south gaza al jazeera english
"Palestinians flee homes, dig in rubble as Israel resumes strikes on Gaza - Al Jazeera English",https://news.google.com/rss/articles/CBMic2h0dHBzOi8vd3d3LmFsamF6ZWVyYS5jb20vZ2FsbGVyeS8yMDIzLzEyLzEvcGFsZXN0aW5pYW5zLWZsZWUtaG9tZXMtZGlnLWluLXJ1YmJsZS1hcy1pc3JhZWwtcmVzdW1lcy1zdHJpa2VzLW9uLWdhemHSAXdodHRwczovL3d3dy5hbGphemVlcmEuY29tL2FtcC9nYWxsZXJ5LzIwMjMvMTIvMS9wYWxlc3RpbmlhbnMtZmxlZS1ob21lcy1kaWctaW4tcnViYmxlLWFzLWlzcmFlbC1yZXN1bWVzLXN0cmlrZXMtb24tZ2F6YQ?oc=5,"Fri, 01 Dec 2023 10:56:02 GMT",palestinians flee homes dig in rubble as israel resumes strikes on gaza  al jazeera english,palestinians flee homes dig rubble israel resumes strikes gaza al jazeera english
Opinion: Civilians should be kept safe in Israeli-Palestinian conflict - Citizen Times,https://news.google.com/rss/articles/CBMiiQFodHRwczovL3d3dy5jaXRpemVuLXRpbWVzLmNvbS9zdG9yeS9vcGluaW9uLzIwMjMvMTIvMDIvb3Bpbmlvbi1jaXZpbGlhbnMtc2hvdWxkLWJlLWtlcHQtc2FmZS1pbi1pc3JhZWxpLXBhbGVzdGluaWFuLWNvbmZsaWN0LzcxNzI2NDcxMDA3L9IBAA?oc=5,"Sat, 02 Dec 2023 10:14:12 GMT",opinion civilians should be kept safe in israelipalestinian conflict  citizen times,opinion civilians should kept safe israelipalestinian conflict citizen times
Inside California college protests over the Israeli-Palestinian conflict - CalMatters,https://news.google.com/rss/articles/CBMiamh0dHBzOi8vY2FsbWF0dGVycy5vcmcvZWR1Y2F0aW9uL2hpZ2hlci1lZHVjYXRpb24vMjAyMy8xMS9pc3JhZWxpLXBhbGVzdGluaWFuLWNvbmZsaWN0LWNhbGlmb3JuaWEtY29sbGVnZS_SAQA?oc=5,"Tue, 14 Nov 2023 08:00:00 GMT",inside california college protests over the israelipalestinian conflict  calmatters,inside california college protests over israelipalestinian conflict calmatters
Infographic: Violence Escalates in the Middle East in Response to the Israel-Palestine Conflict (29 November 2023 ... - ReliefWeb,https://news.google.com/rss/articles/CBMimgFodHRwczovL3JlbGllZndlYi5pbnQvcmVwb3J0L29jY3VwaWVkLXBhbGVzdGluaWFuLXRlcnJpdG9yeS9pbmZvZ3JhcGhpYy12aW9sZW5jZS1lc2NhbGF0ZXMtbWlkZGxlLWVhc3QtcmVzcG9uc2UtaXNyYWVsLXBhbGVzdGluZS1jb25mbGljdC0yOS1ub3ZlbWJlci0yMDIz0gEA?oc=5,"Fri, 01 Dec 2023 13:52:29 GMT",infographic violence escalates in the middle east in response to the israelpalestine conflict  november    reliefweb,infographic violence escalates middle east response israelpalestine conflict november reliefweb
Intensive talks under way to extend Israel-Hamas truce as deadline looms - Al Jazeera English,https://news.google.com/rss/articles/CBMiaGh0dHBzOi8vd3d3LmFsamF6ZWVyYS5jb20vbmV3cy8yMDIzLzExLzI5L2VmZm9ydHMtdW5kZXItd2F5LXRvLWV4dGVuZC1pc3JhZWwtaGFtYXMtdHJ1Y2UtZm9yLXNlY29uZC10aW1l0gFsaHR0cHM6Ly93d3cuYWxqYXplZXJhLmNvbS9hbXAvbmV3cy8yMDIzLzExLzI5L2VmZm9ydHMtdW5kZXItd2F5LXRvLWV4dGVuZC1pc3JhZWwtaGFtYXMtdHJ1Y2UtZm9yLXNlY29uZC10aW1l?oc=5,"Wed, 29 Nov 2023 18:41:50 GMT",intensive talks under way to extend israelhamas truce as deadline looms  al jazeera english,intensive talks under way extend israelhamas truce deadline looms al jazeera english
"Israel-Hamas war: List of key events, day 54 - Al Jazeera English",https://news.google.com/rss/articles/CBMiVGh0dHBzOi8vd3d3LmFsamF6ZWVyYS5jb20vbmV3cy8yMDIzLzExLzI5L2lzcmFlbC1oYW1hcy13YXItbGlzdC1vZi1rZXktZXZlbnRzLWRheS01NNIBWGh0dHBzOi8vd3d3LmFsamF6ZWVyYS5jb20vYW1wL25ld3MvMjAyMy8xMS8yOS9pc3JhZWwtaGFtYXMtd2FyLWxpc3Qtb2Yta2V5LWV2ZW50cy1kYXktNTQ?oc=5,"Wed, 29 Nov 2023 07:15:45 GMT",israelhamas war list of key events day   al jazeera english,israelhamas war list key events day al jazeera english
Mapping the conflict in Israel and Gaza - Reuters,https://news.google.com/rss/articles/CBMiRmh0dHBzOi8vd3d3LnJldXRlcnMuY29tL2dyYXBoaWNzL0lTUkFFTC1QQUxFU1RJTklBTlMvTUFQUy9tb3ZhamRsYWRwYS_SAQA?oc=5,"Tue, 28 Nov 2023 12:30:00 GMT",mapping the conflict in israel and gaza  reuters,mapping conflict israel gaza reuters
Were campus tensions around the Israeli-Palestinian conflict high before October 7? - Foundation for Individual Rights in Education,https://news.google.com/rss/articles/CBMiZGh0dHBzOi8vd3d3LnRoZWZpcmUub3JnL25ld3Mvd2VyZS1jYW1wdXMtdGVuc2lvbnMtYXJvdW5kLWlzcmFlbGktcGFsZXN0aW5pYW4tY29uZmxpY3QtaGlnaC1vY3RvYmVyLTfSAQA?oc=5,"Wed, 29 Nov 2023 14:41:46 GMT",were campus tensions around the israelipalestinian conflict high before october   foundation for individual rights in education,were campus tensions around israelipalestinian conflict high before october foundation individual rights education
Israel strikes Gaza after truce expires - Al Jazeera English,https://news.google.com/rss/articles/CBMiU2h0dHBzOi8vd3d3LmFsamF6ZWVyYS5jb20vZ2FsbGVyeS8yMDIzLzEyLzEvaXNyYWVsLXN0cmlrZXMtZ2F6YS1hZnRlci10cnVjZS1leHBpcmVz0gFXaHR0cHM6Ly93d3cuYWxqYXplZXJhLmNvbS9hbXAvZ2FsbGVyeS8yMDIzLzEyLzEvaXNyYWVsLXN0cmlrZXMtZ2F6YS1hZnRlci10cnVjZS1leHBpcmVz?oc=5,"Fri, 01 Dec 2023 08:25:18 GMT",israel strikes gaza after truce expires  al jazeera english,israel strikes gaza after truce expires al jazeera english
Israel-Palestine conflict divides California college campuses - CalMatters,https://news.google.com/rss/articles/CBMiYGh0dHBzOi8vY2FsbWF0dGVycy5vcmcvZWR1Y2F0aW9uLzIwMjMvMTEvaXNyYWVsaS1wYWxlc3Rpbmlhbi1jb25mbGljdC1jYWxpZm9ybmlhLWNhbXB1cy1jbGltYXRlL9IBAA?oc=5,"Fri, 17 Nov 2023 08:00:00 GMT",israelpalestine conflict divides california college campuses  calmatters,israelpalestine conflict divides california college campuses calmatters
Israel-Hamas war updates: Ten more Israeli captives released in Gaza - Al Jazeera English,https://news.google.com/rss/articles/CBMiemh0dHBzOi8vd3d3LmFsamF6ZWVyYS5jb20vbmV3cy9saXZlYmxvZy8yMDIzLzExLzI5L2lzcmFlbC1oYW1hcy13YXItbGl2ZS1tb3JlLXBhbGVzdGluaWFuLXByaXNvbmVycy1pc3JhZWxpLWNhcHRpdmVzLWZyZWVk0gEA?oc=5,"Wed, 29 Nov 2023 20:49:08 GMT",israelhamas war updates ten more israeli captives released in gaza  al jazeera english,israelhamas war updates ten more israeli captives released gaza al jazeera english
DFLers clash over Israeli-Palestinian conflict - St. Paul Pioneer Press,https://news.google.com/rss/articles/CBMiVWh0dHBzOi8vd3d3LnR3aW5jaXRpZXMuY29tLzIwMjMvMTEvMzAvZGZsZXJzLWNsYXNoLW92ZXItaXNyYWVsaS1wYWxlc3Rpbmlhbi1jb25mbGljdC_SAVlodHRwczovL3d3dy50d2luY2l0aWVzLmNvbS8yMDIzLzExLzMwL2RmbGVycy1jbGFzaC1vdmVyLWlzcmFlbGktcGFsZXN0aW5pYW4tY29uZmxpY3QvYW1wLw?oc=5,"Fri, 01 Dec 2023 01:22:35 GMT",dflers clash over israelipalestinian conflict  st paul pioneer press,dflers clash over israelipalestinian conflict st paul pioneer press
China proposes actions from UNSC on Israeli-Palestinian conflict - The Jerusalem Post,https://news.google.com/rss/articles/CBMiMmh0dHBzOi8vd3d3Lmpwb3N0LmNvbS9icmVha2luZy1uZXdzL2FydGljbGUtNzc1Nzc40gEA?oc=5,"Thu, 30 Nov 2023 01:10:00 GMT",china proposes actions from unsc on israelipalestinian conflict  the jerusalem post,china proposes actions unsc israelipalestinian conflict jerusalem post
"Worldwide rallies in solidarity with Palestinians, condemning Israel’s war - Al Jazeera English",https://news.google.com/rss/articles/CBMicWh0dHBzOi8vd3d3LmFsamF6ZWVyYS5jb20vZ2FsbGVyeS8yMDIzLzExLzMwL3Bob3Rvcy1wZW9wbGUtYXJvdW5kLXRoZS13b3JsZC1yYWxseS1pbi1zb2xpZGFyaXR5LXdpdGgtcGFsZXN0aW5pYW5z0gF1aHR0cHM6Ly93d3cuYWxqYXplZXJhLmNvbS9hbXAvZ2FsbGVyeS8yMDIzLzExLzMwL3Bob3Rvcy1wZW9wbGUtYXJvdW5kLXRoZS13b3JsZC1yYWxseS1pbi1zb2xpZGFyaXR5LXdpdGgtcGFsZXN0aW5pYW5z?oc=5,"Thu, 30 Nov 2023 07:50:40 GMT",worldwide rallies in solidarity with palestinians condemning israels war  al jazeera english,worldwide rallies solidarity palestinians condemning israels war al jazeera english
Opinion | The Israel-Palestine Conflict Has Been Raging for 75 Years - The New York Times,https://news.google.com/rss/articles/CBMiR2h0dHBzOi8vd3d3Lm55dGltZXMuY29tLzIwMjMvMTEvMTQvb3Bpbmlvbi9pc3JhZWwtZ2F6YS13YXItaGlzdG9yeS5odG1s0gEA?oc=5,"Tue, 14 Nov 2023 08:00:00 GMT",opinion  the israelpalestine conflict has been raging for  years  the new york times,opinion israelpalestine conflict been raging years new york times
The Weeknd donates $2.5 million to Gaza residents - The Jerusalem Post,https://news.google.com/rss/articles/CBMiOmh0dHBzOi8vd3d3Lmpwb3N0LmNvbS9hcmFiLWlzcmFlbGktY29uZmxpY3QvYXJ0aWNsZS03NzY2MDLSAQA?oc=5,"Tue, 05 Dec 2023 02:17:00 GMT",the weeknd donates  million to gaza residents  the jerusalem post,weeknd donates million gaza residents jerusalem post
Can China and America Resolve the Israeli-Palestinian Conflict? - The National Interest Online,https://news.google.com/rss/articles/CBMiZmh0dHBzOi8vbmF0aW9uYWxpbnRlcmVzdC5vcmcvZmVhdHVyZS9jYW4tY2hpbmEtYW5kLWFtZXJpY2EtcmVzb2x2ZS1pc3JhZWxpLXBhbGVzdGluaWFuLWNvbmZsaWN0LTIwNzYzM9IBAA?oc=5,"Sun, 03 Dec 2023 18:36:00 GMT",can china and america resolve the israelipalestinian conflict  the national interest online,can china america resolve israelipalestinian conflict national interest online
